Point ID,alphat,arc_length,epsilon,k,nut,p,p_rgh,Points_0,Points_1,Points_2,Points_Magnitude,T,U_0,U_1,U_2,U_Magnitude,vtkValidPointMask
0,5.09575e-06,0,35280.2,8.74603,4.15653e-06,-94.4465,-94.4475,0,0,0.001,0.001,300,0,0,0,0,1
1,3.97469e-06,0.00024,36383.5,8.75081,3.2421e-06,-101.985,-101.986,0.00024,0,0.001,0.0010284,300.001,0,0,0,0,1
2,2.85362e-06,0.00048,37486.7,8.7556,2.32766e-06,-109.524,-109.524,0.00048,0,0.001,0.00110923,300.002,0,0,0,0,1
3,1.73256e-06,0.00072,38590,8.76038,1.41322e-06,-117.063,-117.063,0.00072,0,0.001,0.00123223,300.004,0,0,0,0,1
4,6.1149e-07,0.00096,39693.2,8.76517,4.98784e-07,-124.601,-124.601,0.00096,0,0.001,0.00138622,300.005,0,0,0,0,1
5,0,0.0012,39390.3,8.6458,0,-123.689,-123.689,0.0012,0,0.001,0.00156205,300.006,0,0,0,0,1
6,0,0.00144,37399.9,8.37744,0,-112.636,-112.636,0.00144,0,0.001,0.00175317,300.006,0,0,0,0,1
7,0,0.00168,35409.5,8.10909,0,-101.583,-101.583,0.00168,0,0.001,0.0019551,300.007,0,0,0,0,1
8,0,0.00192,33419.1,7.84073,0,-90.5296,-90.5296,0.00192,0,0.001,0.00216481,300.008,0,0,0,0,1
9,0,0.00216,31428.6,7.57238,0,-79.4764,-79.4764,0.00216,0,0.001,0.00238025,300.008,0,0,0,0,1
10,0,0.0024,31665.4,7.60695,0,-76.1832,-76.1832,0.0024,0,0.001,0.0026,300.008,0,0,0,0,1
11,0,0.00264,32124.9,7.67182,0,-73.666,-73.666,0.00264,0,0.001,0.00282305,300.007,0,0,0,0,1
12,0,0.00288,32584.3,7.73668,0,-71.1488,-71.1488,0.00288,0,0.001,0.00304867,300.006,0,0,0,0,1
13,0,0.00312,33043.8,7.80155,0,-68.6316,-68.6316,0.00312,0,0.001,0.00327634,300.005,0,0,0,0,1
14,0,0.00336,33406.2,7.85314,0,-65.7348,-65.7348,0.00336,0,0.001,0.00350565,300.004,0,0,0,0,1
15,0,0.0036,33598.8,7.8815,0,-62.1738,-62.1738,0.0036,0,0.001,0.00373631,300.002,0,0,0,0,1
16,0,0.00384,33791.4,7.90986,0,-58.6128,-58.6128,0.00384,0,0.001,0.00396807,300.001,0,0,0,0,1
17,0,0.00408,33983.9,7.93822,0,-55.0518,-55.0518,0.00408,0,0.001,0.00420076,299.999,0,0,0,0,1
18,0,0.00432,34176.5,7.96658,0,-51.4908,-51.4908,0.00432,0,0.001,0.00443423,299.997,0,0,0,0,1
19,0,0.00456,33549.1,7.87637,0,-48.6779,-48.6779,0.00456,0,0.001,0.00466836,299.995,0,0,0,0,1
20,0,0.0048,32739.5,7.75981,0,-46.0313,-46.0313,0.0048,0,0.001,0.00490306,299.992,0,0,0,0,1
21,0,0.00504,31929.9,7.64324,0,-43.3847,-43.3847,0.00504,0,0.001,0.00513825,299.989,0,0,0,0,1
22,0,0.00528,31120.3,7.52668,0,-40.7381,-40.7381,0.00528,0,0.001,0.00537386,299.987,0,0,0,0,1
23,0,0.00552,30402.5,7.42258,0,-38.1874,-38.1874,0.00552,0,0.001,0.00560985,299.984,0,0,0,0,1
24,0,0.00576,29929.5,7.3517,0,-35.8925,-35.8925,0.00576,0,0.001,0.00584616,299.98,0,0,0,0,1
25,0,0.006,29456.4,7.28082,0,-33.5976,-33.5976,0.006,0,0.001,0.00608276,299.977,0,0,0,0,1
26,0,0.00624,28983.3,7.20995,0,-31.3027,-31.3027,0.00624,0,0.001,0.00631962,299.973,0,0,0,0,1
27,0,0.00648,28510.3,7.13907,0,-29.0078,-29.0078,0.00648,0,0.001,0.00655671,299.97,0,0,0,0,1
28,0,0.00672,28155.4,7.08501,0,-27.1245,-27.1245,0.00672,0,0.001,0.006794,299.967,0,0,0,0,1
29,0,0.00696,27844.9,7.03725,0,-25.3957,-25.3957,0.00696,0,0.001,0.00703147,299.963,0,0,0,0,1
30,0,0.0072,27534.3,6.98949,0,-23.6668,-23.6668,0.0072,0,0.001,0.00726911,299.96,0,0,0,0,1
31,0,0.00744,27223.8,6.94173,0,-21.938,-21.938,0.00744,0,0.001,0.0075069,299.956,0,0,0,0,1
32,0,0.00768,26922.4,6.89522,0,-20.282,-20.282,0.00768,0,0.001,0.00774483,299.953,0,0,0,0,1
33,0,0.00792,26662.2,6.85435,0,-18.9538,-18.9538,0.00792,0,0.001,0.00798288,299.95,0,0,0,0,1
34,0,0.00816,26402,6.81349,0,-17.6256,-17.6256,0.00816,0,0.001,0.00822105,299.948,0,0,0,0,1
35,0,0.0084,26141.8,6.77262,0,-16.2975,-16.2975,0.0084,0,0.001,0.00845931,299.945,0,0,0,0,1
36,0,0.00864,25881.6,6.73175,0,-14.9693,-14.9693,0.00864,0,0.001,0.00869768,299.942,0,0,0,0,1
37,0,0.00888,25617.1,6.68971,0,-13.875,-13.875,0.00888,0,0.001,0.00893613,299.941,0,0,0,0,1
38,0,0.00912,25350.2,6.64701,0,-12.9142,-12.9142,0.00912,0,0.001,0.00917466,299.94,0,0,0,0,1
39,0,0.00936,25083.2,6.6043,0,-11.9534,-11.9534,0.00936,0,0.001,0.00941327,299.939,0,0,0,0,1
40,0,0.0096,24816.3,6.56159,0,-10.9926,-10.9926,0.0096,0,0.001,0.00965194,299.938,0,0,0,0,1
41,0,0.00984,24549.2,6.51878,0,-10.0567,-10.0567,0.00984,0,0.001,0.00989068,299.937,0,0,0,0,1
42,0,0.01008,24279.8,6.47484,0,-9.36893,-9.36893,0.01008,0,0.001,0.0101295,299.937,0,0,0,0,1
43,0,0.01032,24010.5,6.4309,0,-8.68119,-8.68119,0.01032,0,0.001,0.0103683,299.938,0,0,0,0,1
44,0,0.01056,23741.2,6.38696,0,-7.99345,-7.99345,0.01056,0,0.001,0.0106072,299.939,0,0,0,0,1
45,0,0.0108,23471.8,6.34302,0,-7.3057,-7.3057,0.0108,0,0.001,0.0108462,299.94,0,0,0,0,1
46,0,0.01104,23207.3,6.29939,0,-6.7275,-6.7275,0.01104,0,0.001,0.0110852,299.942,0,0,0,0,1
47,0,0.01128,22946.8,6.25602,0,-6.24059,-6.24059,0.01128,0,0.001,0.0113242,299.945,0,0,0,0,1
48,0,0.01152,22686.3,6.21266,0,-5.75367,-5.75367,0.01152,0,0.001,0.0115633,299.949,0,0,0,0,1
49,0,0.01176,22425.8,6.16929,0,-5.26676,-5.26676,0.01176,0,0.001,0.0118024,299.952,0,0,0,0,1
50,0,0.012,22165.3,6.12593,0,-4.77984,-4.77984,0.012,0,0.001,0.0120416,299.955,0,0,0,0,1
51,0,0.01224,21923.3,6.0848,0,-4.43594,-4.43594,0.01224,0,0.001,0.0122808,299.961,0,0,0,0,1
52,0,0.01248,21681.2,6.04368,0,-4.09204,-4.09204,0.01248,0,0.001,0.01252,299.966,0,0,0,0,1
53,0,0.01272,21439.2,6.00256,0,-3.74814,-3.74814,0.01272,0,0.001,0.0127592,299.972,0,0,0,0,1
54,0,0.01296,21197.1,5.96144,0,-3.40424,-3.40424,0.01296,0,0.001,0.0129985,299.978,0,0,0,0,1
55,0,0.0132,20957.9,5.92042,0,-3.10965,-3.10965,0.0132,0,0.001,0.0132378,299.985,0,0,0,0,1
56,0,0.01344,20722.3,5.87953,0,-2.87424,-2.87424,0.01344,0,0.001,0.0134772,299.993,0,0,0,0,1
57,0,0.01368,20486.7,5.83865,0,-2.63882,-2.63882,0.01368,0,0.001,0.0137165,300.001,0,0,0,0,1
58,0,0.01392,20251,5.79776,0,-2.4034,-2.4034,0.01392,0,0.001,0.0139559,300.009,0,0,0,0,1
59,0,0.01416,20015.4,5.75687,0,-2.16799,-2.16799,0.01416,0,0.001,0.0141953,300.018,0,0,0,0,1
60,0,0.0144,19908.9,5.73829,0,-1.99543,-1.99543,0.0144,0,0.001,0.0144347,300.028,0,0,0,0,1
61,0,0.01464,19815.4,5.72194,0,-1.82915,-1.82915,0.01464,0,0.001,0.0146741,300.039,0,0,0,0,1
62,0,0.01488,19721.9,5.70558,0,-1.66288,-1.66288,0.01488,0,0.001,0.0149136,300.05,0,0,0,0,1
63,0,0.01512,19628.4,5.68923,0,-1.4966,-1.4966,0.01512,0,0.001,0.015153,300.061,0,0,0,0,1
64,0,0.01536,18969.5,5.72637,0,-1.34922,-1.34922,0.01536,0,0.001,0.0153925,300.073,0,0,0,0,1
65,0,0.0156,17321.3,5.85713,0,-1.23492,-1.23492,0.0156,0,0.001,0.015632,300.086,0,0,0,0,1
66,0,0.01584,15673.1,5.98789,0,-1.12061,-1.12061,0.01584,0,0.001,0.0158715,300.1,0,0,0,0,1
67,0,0.01608,14024.9,6.11864,0,-1.00631,-1.00631,0.01608,0,0.001,0.0161111,300.113,0,0,0,0,1
68,0,0.01632,12376.7,6.2494,0,-0.892003,-0.892003,0.01632,0,0.001,0.0163506,300.127,0,0,0,0,1
69,0,0.01656,12020.5,6.26315,0,-0.803491,-0.803491,0.01656,0,0.001,0.0165902,300.143,0,0,0,0,1
70,0,0.0168,11951.5,6.25091,0,-0.72071,-0.72071,0.0168,0,0.001,0.0168297,300.159,0,0,0,0,1
71,0,0.01704,11882.5,6.23866,0,-0.63793,-0.63793,0.01704,0,0.001,0.0170693,300.176,0,0,0,0,1
72,0,0.01728,11813.5,6.22641,0,-0.555149,-0.555149,0.01728,0,0.001,0.0173089,300.193,0,0,0,0,1
73,0,0.01752,11761.6,6.21298,0,-0.470583,-0.470583,0.01752,0,0.001,0.0175485,300.21,0,0,0,0,1
74,0,0.01776,11755.1,6.1964,0,-0.381253,-0.381253,0.01776,0,0.001,0.0177881,300.228,0,0,0,0,1
75,0,0.018,11748.7,6.17983,0,-0.291924,-0.291924,0.018,0,0.001,0.0180278,300.247,0,0,0,0,1
76,0,0.01824,11742.3,6.16325,0,-0.202594,-0.202594,0.01824,0,0.001,0.0182674,300.265,0,0,0,0,1
77,0,0.01848,11735.9,6.14667,0,-0.113264,-0.113264,0.01848,0,0.001,0.018507,300.284,0,0,0,0,1
78,0,0.01872,10558.5,6.2226,0,-0.0660757,-0.0660757,0.01872,0,0.001,0.0187467,300.303,0,0,0,0,1
79,0,0.01896,8941.85,6.33323,0,-0.0346901,-0.0346901,0.01896,0,0.001,0.0189864,300.323,0,0,0,0,1
80,0,0.0192,7325.24,6.44385,0,-0.00330444,-0.00330444,0.0192,0,0.001,0.019226,300.342,0,0,0,0,1
81,0,0.01944,5708.63,6.55448,0,0.0280812,0.0280812,0.01944,0,0.001,0.0194657,300.362,0,0,0,0,1
82,0,0.01968,4386.12,6.64543,0,0.0489718,0.0489718,0.01968,0,0.001,0.0197054,300.383,0,0,0,0,1
83,0,0.01992,4387.06,6.64786,0,0.0226346,0.0226346,0.01992,0,0.001,0.0199451,300.408,0,0,0,0,1
84,0,0.02016,4388,6.65028,0,-0.00370252,-0.00370252,0.02016,0,0.001,0.0201848,300.433,0,0,0,0,1
85,0,0.0204,4388.94,6.6527,0,-0.0300397,-0.0300397,0.0204,0,0.001,0.0204245,300.458,0,0,0,0,1
86,0,0.02064,4389.88,6.65513,0,-0.0563768,-0.0563768,0.02064,0,0.001,0.0206642,300.483,0,0,0,0,1
87,0,0.02088,4394.5,6.667,0,-0.0595877,-0.0595877,0.02088,0,0.001,0.0209039,300.511,0,0,0,0,1
88,0,0.02112,4401.21,6.68428,0,-0.0495831,-0.0495831,0.02112,0,0.001,0.0211437,300.54,0,0,0,0,1
89,0,0.02136,4407.92,6.70156,0,-0.0395785,-0.0395785,0.02136,0,0.001,0.0213834,300.569,0,0,0,0,1
90,0,0.0216,4414.64,6.71883,0,-0.0295739,-0.0295739,0.0216,0,0.001,0.0216231,300.598,0,0,0,0,1
91,0,0.02184,4421.2,6.73572,0,-0.0163256,-0.0163256,0.02184,0,0.001,0.0218629,300.627,0,0,0,0,1
92,0,0.02208,4426.21,6.7487,0,0.0293612,0.0293612,0.02208,0,0.001,0.0221026,300.659,0,0,0,0,1
93,0,0.02232,4431.22,6.76168,0,0.075048,0.075048,0.02232,0,0.001,0.0223424,300.69,0,0,0,0,1
94,0,0.02256,4436.24,6.77466,0,0.120735,0.120735,0.02256,0,0.001,0.0225822,300.722,0,0,0,0,1
95,0,0.0228,4441.25,6.78764,0,0.166422,0.166422,0.0228,0,0.001,0.0228219,300.753,0,0,0,0,1
96,0,0.02304,4445.27,6.79803,0,0.217974,0.217974,0.02304,0,0.001,0.0230617,300.786,0,0,0,0,1
97,0,0.02328,4448.45,6.80627,0,0.274413,0.274413,0.02328,0,0.001,0.0233015,300.821,0,0,0,0,1
98,0,0.02352,4451.63,6.81451,0,0.330852,0.330852,0.02352,0,0.001,0.0235412,300.856,0,0,0,0,1
99,0,0.02376,4454.81,6.82275,0,0.387291,0.387291,0.02376,0,0.001,0.023781,300.891,0,0,0,0,1
100,0,0.024,4458,6.831,0,0.443731,0.443731,0.024,0,0.001,0.0240208,300.925,0,0,0,0,1
101,0,0.02424,4450.33,6.81119,0,0.495831,0.495831,0.02424,0,0.001,0.0242606,300.962,0,0,0,0,1
102,0,0.02448,4442.67,6.7914,0,0.547932,0.547932,0.02448,0,0.001,0.0245004,300.999,0,0,0,0,1
103,0,0.02472,4435.01,6.7716,0,0.600032,0.600032,0.02472,0,0.001,0.0247402,301.036,0,0,0,0,1
104,0,0.02496,4427.34,6.75179,0,0.652133,0.652133,0.02496,0,0.001,0.02498,301.073,0,0,0,0,1
105,0,0.0252,4416.49,6.72383,0,0.695186,0.695186,0.0252,0,0.001,0.0252198,301.11,0,0,0,0,1
106,0,0.02544,4401.79,6.68607,0,0.727382,0.727382,0.02544,0,0.001,0.0254596,301.149,0,0,0,0,1
107,0,0.02568,4387.1,6.6483,0,0.759578,0.759578,0.02568,0,0.001,0.0256995,301.187,0,0,0,0,1
108,0,0.02592,4372.41,6.61054,0,0.791774,0.791774,0.02592,0,0.001,0.0259393,301.225,0,0,0,0,1
109,0,0.02616,4357.72,6.57278,0,0.82397,0.82397,0.02616,0,0.001,0.0261791,301.263,0,0,0,0,1
110,0,0.0264,4343.81,6.53734,0,0.845031,0.845031,0.0264,0,0.001,0.0264189,301.303,0,0,0,0,1
111,0,0.02664,4329.99,6.50214,0,0.864978,0.864978,0.02664,0,0.001,0.0266588,301.343,0,0,0,0,1
112,0,0.02688,4316.16,6.46694,0,0.884925,0.884925,0.02688,0,0.001,0.0268986,301.384,0,0,0,0,1
113,0,0.02712,4302.34,6.43174,0,0.904872,0.904872,0.02712,0,0.001,0.0271384,301.424,0,0,0,0,1
114,0,0.02736,4288.32,6.39619,0,0.923446,0.923446,0.02736,0,0.001,0.0273783,301.465,0,0,0,0,1
115,0,0.0276,4273.96,6.36003,0,0.939618,0.939618,0.0276,0,0.001,0.0276181,301.508,0,0,0,0,1
116,0,0.02784,4259.61,6.32387,0,0.955791,0.955791,0.02784,0,0.001,0.027858,301.55,0,0,0,0,1
117,0,0.02808,4245.25,6.28771,0,0.971963,0.971963,0.02808,0,0.001,0.0280978,301.593,0,0,0,0,1
118,0,0.02832,4230.9,6.25154,0,0.988135,0.988135,0.02832,0,0.001,0.0283377,301.635,0,0,0,0,1
119,0,0.02856,4213.11,6.20718,0,1.00329,1.00329,0.02856,0,0.001,0.0285775,301.679,0,0,0,0,1
120,0,0.0288,4194.55,6.16099,0,1.01823,1.01823,0.0288,0,0.001,0.0288174,301.723,0,0,0,0,1
121,0,0.02904,4175.99,6.1148,0,1.03316,1.03316,0.02904,0,0.001,0.0290572,301.767,0,0,0,0,1
122,0,0.02928,4157.43,6.06861,0,1.04809,1.04809,0.02928,0,0.001,0.0292971,301.811,0,0,0,0,1
123,0,0.02952,4137.51,6.01928,0,1.06266,1.06266,0.02952,0,0.001,0.0295369,301.856,0,0,0,0,1
124,0,0.02976,4113.97,5.96157,0,1.07626,1.07626,0.02976,0,0.001,0.0297768,301.901,0,0,0,0,1
125,0,0.03,4090.43,5.90386,0,1.08986,1.08986,0.03,0,0.001,0.0300167,301.946,0,0,0,0,1
126,0,0.03024,4066.88,5.84616,0,1.10346,1.10346,0.03024,0,0.001,0.0302565,301.991,0,0,0,0,1
127,0,0.03048,4043.34,5.78845,0,1.11706,1.11706,0.03048,0,0.001,0.0304964,302.037,0,0,0,0,1
128,0,0.03072,4017.18,5.72522,0,1.12934,1.12934,0.03072,0,0.001,0.0307363,302.082,0,0,0,0,1
129,0,0.03096,3990.04,5.65992,0,1.14113,1.14113,0.03096,0,0.001,0.0309761,302.128,0,0,0,0,1
130,0,0.0312,3962.9,5.59462,0,1.15292,1.15292,0.0312,0,0.001,0.031216,302.174,0,0,0,0,1
131,0,0.03144,3935.76,5.52931,0,1.16472,1.16472,0.03144,0,0.001,0.0314559,302.22,0,0,0,0,1
132,0,0.03168,3908.32,5.46355,0,1.17615,1.17615,0.03168,0,0.001,0.0316958,302.266,0,0,0,0,1
133,0,0.03192,3879.52,5.39572,0,1.18597,1.18597,0.03192,0,0.001,0.0319357,302.313,0,0,0,0,1
134,0,0.03216,3850.72,5.32789,0,1.19579,1.19579,0.03216,0,0.001,0.0321755,302.36,0,0,0,0,1
135,0,0.0324,3821.92,5.26005,0,1.20562,1.20562,0.0324,0,0.001,0.0324154,302.406,0,0,0,0,1
136,0,0.03264,3793.13,5.19222,0,1.21544,1.21544,0.03264,0,0.001,0.0326553,302.453,0,0,0,0,1
137,0,0.03288,3764.32,5.12535,0,1.22414,1.22414,0.03288,0,0.001,0.0328952,302.5,0,0,0,0,1
138,0,0.03312,3735.51,5.05902,0,1.23221,1.23221,0.03312,0,0.001,0.0331351,302.548,0,0,0,0,1
139,0,0.03336,3706.71,4.9927,0,1.24028,1.24028,0.03336,0,0.001,0.033375,302.595,0,0,0,0,1
140,0,0.0336,3677.9,4.92638,0,1.24835,1.24835,0.0336,0,0.001,0.0336149,302.643,0,0,0,0,1
141,0,0.03384,3649.18,4.86038,0,1.25629,1.25629,0.03384,0,0.001,0.0338548,302.69,0,0,0,0,1
142,0,0.03408,3621.32,4.79774,0,1.26306,1.26306,0.03408,0,0.001,0.0340947,302.739,0,0,0,0,1
143,0,0.03432,3593.47,4.7351,0,1.26982,1.26982,0.03432,0,0.001,0.0343346,302.787,0,0,0,0,1
144,0,0.03456,3565.62,4.67245,0,1.27658,1.27658,0.03456,0,0.001,0.0345745,302.835,0,0,0,0,1
145,0,0.0348,3537.76,4.60981,0,1.28334,1.28334,0.0348,0,0.001,0.0348144,302.884,0,0,0,0,1
146,0,0.03504,3510.57,4.54942,0,1.28963,1.28963,0.03504,0,0.001,0.0350543,302.932,0,0,0,0,1
147,0,0.03528,3483.93,4.4909,0,1.29552,1.29552,0.03528,0,0.001,0.0352942,302.982,0,0,0,0,1
148,0,0.03552,3457.29,4.43238,0,1.30142,1.30142,0.03552,0,0.001,0.0355341,303.031,0,0,0,0,1
149,0,0.03576,3430.65,4.37387,0,1.30731,1.30731,0.03576,0,0.001,0.035774,303.08,0,0,0,0,1
150,0,0.036,3404.01,4.31535,0,1.31321,1.31321,0.036,0,0.001,0.0360139,303.129,0,0,0,0,1
151,0,0.03624,3378.46,4.26052,0,1.31849,1.31849,0.03624,0,0.001,0.0362538,303.179,0,0,0,0,1
152,0,0.03648,3352.9,4.2057,0,1.32378,1.32378,0.03648,0,0.001,0.0364937,303.229,0,0,0,0,1
153,0,0.03672,3327.35,4.15087,0,1.32907,1.32907,0.03672,0,0.001,0.0367336,303.279,0,0,0,0,1
154,0,0.03696,3301.79,4.09605,0,1.33436,1.33436,0.03696,0,0.001,0.0369735,303.329,0,0,0,0,1
155,0,0.0372,3276.68,4.04271,0,1.33943,1.33943,0.0372,0,0.001,0.0372134,303.379,0,0,0,0,1
156,0,0.03744,3252.09,3.99118,0,1.34424,1.34424,0.03744,0,0.001,0.0374533,303.429,0,0,0,0,1
157,0,0.03768,3227.5,3.93964,0,1.34905,1.34905,0.03768,0,0.001,0.0376933,303.48,0,0,0,0,1
158,0,0.03792,3202.91,3.8881,0,1.35386,1.35386,0.03792,0,0.001,0.0379332,303.53,0,0,0,0,1
159,0,0.03816,3178.32,3.83656,0,1.35867,1.35867,0.03816,0,0.001,0.0381731,303.581,0,0,0,0,1
160,0,0.0384,3154.51,3.78771,0,1.36311,1.36311,0.0384,0,0.001,0.038413,303.632,0,0,0,0,1
161,0,0.03864,3130.78,3.73914,0,1.36752,1.36752,0.03864,0,0.001,0.0386529,303.683,0,0,0,0,1
162,0,0.03888,3107.05,3.69056,0,1.37193,1.37193,0.03888,0,0.001,0.0388929,303.734,0,0,0,0,1
163,0,0.03912,3083.32,3.64198,0,1.37634,1.37634,0.03912,0,0.001,0.0391328,303.785,0,0,0,0,1
164,0,0.03936,3059.93,3.59448,0,1.3806,1.3806,0.03936,0,0.001,0.0393727,303.836,0,0,0,0,1
165,0,0.0396,3037.12,3.54886,0,1.3846,1.3846,0.0396,0,0.001,0.0396126,303.888,0,0,0,0,1
166,0,0.03984,3014.31,3.50324,0,1.38861,1.38861,0.03984,0,0.001,0.0398525,303.939,0,0,0,0,1
167,0,0.04008,2991.49,3.45762,0,1.39262,1.39262,0.04008,0,0.001,0.0400925,303.991,0,0,0,0,1
168,0,0.04032,2968.68,3.412,0,1.39662,1.39662,0.04032,0,0.001,0.0403324,304.042,0,0,0,0,1
169,0,0.04056,2946.82,3.36908,0,1.40023,1.40023,0.04056,0,0.001,0.0405723,304.094,0,0,0,0,1
170,0,0.0408,2925.17,3.32678,0,1.40376,1.40376,0.0408,0,0.001,0.0408123,304.146,0,0,0,0,1
171,0,0.04104,2903.52,3.28447,0,1.40729,1.40729,0.04104,0,0.001,0.0410522,304.198,0,0,0,0,1
172,0,0.04128,2881.87,3.24216,0,1.41081,1.41081,0.04128,0,0.001,0.0412921,304.249,0,0,0,0,1
173,0,0.04152,2860.56,3.20078,0,1.4142,1.4142,0.04152,0,0.001,0.041532,304.301,0,0,0,0,1
174,0,0.04176,2840.19,3.16187,0,1.41722,1.41722,0.04176,0,0.001,0.041772,304.353,0,0,0,0,1
175,0,0.042,2819.82,3.12296,0,1.42024,1.42024,0.042,0,0.001,0.0420119,304.405,0,0,0,0,1
176,0,0.04224,2799.45,3.08405,0,1.42326,1.42326,0.04224,0,0.001,0.0422518,304.457,0,0,0,0,1
177,0,0.04248,2779.08,3.04514,0,1.42629,1.42629,0.04248,0,0.001,0.0424918,304.509,0,0,0,0,1
178,0,0.04272,2759.63,3.00857,0,1.42904,1.42904,0.04272,0,0.001,0.0427317,304.562,0,0,0,0,1
179,0,0.04296,2740.52,2.97289,0,1.4317,1.4317,0.04296,0,0.001,0.0429716,304.614,0,0,0,0,1
180,0,0.0432,2721.42,2.9372,0,1.43436,1.43436,0.0432,0,0.001,0.0432116,304.666,0,0,0,0,1
181,0,0.04344,2702.32,2.90152,0,1.43702,1.43702,0.04344,0,0.001,0.0434515,304.719,0,0,0,0,1
182,0,0.04368,2683.44,2.86637,0,1.43964,1.43964,0.04368,0,0.001,0.0436914,304.771,0,0,0,0,1
183,0,0.04392,2665.54,2.83365,0,1.44207,1.44207,0.04392,0,0.001,0.0439314,304.824,0,0,0,0,1
184,0,0.04416,2647.64,2.80093,0,1.4445,1.4445,0.04416,0,0.001,0.0441713,304.876,0,0,0,0,1
185,0,0.0444,2629.74,2.7682,0,1.44693,1.44693,0.0444,0,0.001,0.0444113,304.929,0,0,0,0,1
186,0,0.04464,2611.84,2.73548,0,1.44936,1.44936,0.04464,0,0.001,0.0446512,304.982,0,0,0,0,1
187,0,0.04488,2594.67,2.70448,0,1.45166,1.45166,0.04488,0,0.001,0.0448911,305.035,0,0,0,0,1
188,0,0.04512,2577.9,2.67446,0,1.45389,1.45389,0.04512,0,0.001,0.0451311,305.088,0,0,0,0,1
189,0,0.04536,2561.13,2.64444,0,1.45611,1.45611,0.04536,0,0.001,0.045371,305.141,0,0,0,0,1
190,0,0.0456,2544.37,2.61442,0,1.45834,1.45834,0.0456,0,0.001,0.045611,305.194,0,0,0,0,1
191,0,0.04584,2527.7,2.58463,0,1.46055,1.46055,0.04584,0,0.001,0.0458509,305.247,0,0,0,0,1
192,0,0.04608,2512.01,2.5571,0,1.46257,1.46257,0.04608,0,0.001,0.0460908,305.3,0,0,0,0,1
193,0,0.04632,2496.31,2.52957,0,1.46459,1.46459,0.04632,0,0.001,0.0463308,305.353,0,0,0,0,1
194,0,0.04656,2480.62,2.50204,0,1.46661,1.46661,0.04656,0,0.001,0.0465707,305.407,0,0,0,0,1
195,0,0.0468,2464.93,2.4745,0,1.46863,1.46863,0.0468,0,0.001,0.0468107,305.46,0,0,0,0,1
196,0,0.04704,2449.8,2.44823,0,1.47054,1.47054,0.04704,0,0.001,0.0470506,305.513,0,0,0,0,1
197,0,0.04728,2435.14,2.423,0,1.47235,1.47235,0.04728,0,0.001,0.0472906,305.566,0,0,0,0,1
198,0,0.04752,2420.48,2.39778,0,1.47417,1.47417,0.04752,0,0.001,0.0475305,305.62,0,0,0,0,1
199,0,0.04776,2405.82,2.37255,0,1.47598,1.47598,0.04776,0,0.001,0.0477705,305.673,0,0,0,0,1
200,0,0.048,2391.16,2.34732,0,1.4778,1.4778,0.048,0,0.001,0.0480104,305.727,0,0,0,0,1
201,0,0.04824,2377.49,2.32425,0,1.47941,1.47941,0.04824,0,0.001,0.0482504,305.78,0,0,0,0,1
202,0,0.04848,2363.83,2.30118,0,1.48102,1.48102,0.04848,0,0.001,0.0484903,305.834,0,0,0,0,1
203,0,0.04872,2350.17,2.27811,0,1.48263,1.48263,0.04872,0,0.001,0.0487303,305.888,0,0,0,0,1
204,0,0.04896,2336.51,2.25504,0,1.48424,1.48424,0.04896,0,0.001,0.0489702,305.941,0,0,0,0,1
205,0,0.0492,2323.28,2.23288,0,1.48576,1.48576,0.0492,0,0.001,0.0492102,305.995,0,0,0,0,1
206,0,0.04944,2310.58,2.21181,0,1.48717,1.48717,0.04944,0,0.001,0.0494501,306.049,0,0,0,0,1
207,0,0.04968,2297.89,2.19075,0,1.48858,1.48858,0.04968,0,0.001,0.0496901,306.103,0,0,0,0,1
208,0,0.04992,2285.19,2.16969,0,1.48999,1.48999,0.04992,0,0.001,0.04993,306.157,0,0,0,0,1
209,0,0.05016,2272.49,2.14863,0,1.4914,1.4914,0.05016,0,0.001,0.05017,306.211,0,0,0,0,1
210,0,0.0504,2260.63,2.12926,0,1.49264,1.49264,0.0504,0,0.001,0.0504099,306.265,0,0,0,0,1
211,0,0.05064,2248.85,2.11006,0,1.49387,1.49387,0.05064,0,0.001,0.0506499,306.319,0,0,0,0,1
212,0,0.05088,2237.08,2.09087,0,1.49509,1.49509,0.05088,0,0.001,0.0508898,306.373,0,0,0,0,1
213,0,0.05112,2225.3,2.07167,0,1.49631,1.49631,0.05112,0,0.001,0.0511298,306.427,0,0,0,0,1
214,0,0.05136,2213.85,2.05309,0,1.49747,1.49747,0.05136,0,0.001,0.0513697,306.481,0,0,0,0,1
215,0,0.0516,2202.94,2.0356,0,1.49851,1.49851,0.0516,0,0.001,0.0516097,306.535,0,0,0,0,1
216,0,0.05184,2192.04,2.01811,0,1.49955,1.49955,0.05184,0,0.001,0.0518496,306.589,0,0,0,0,1
217,0,0.05208,2181.14,2.00062,0,1.5006,1.5006,0.05208,0,0.001,0.0520896,306.644,0,0,0,0,1
218,0,0.05232,2170.23,1.98313,0,1.50164,1.50164,0.05232,0,0.001,0.0523296,306.698,0,0,0,0,1
219,0,0.05256,2159.99,1.96691,0,1.50254,1.50254,0.05256,0,0.001,0.0525695,306.753,0,0,0,0,1
220,0,0.0528,2149.9,1.95098,0,1.50341,1.50341,0.0528,0,0.001,0.0528095,306.807,0,0,0,0,1
221,0,0.05304,2139.81,1.93504,0,1.50429,1.50429,0.05304,0,0.001,0.0530494,306.862,0,0,0,0,1
222,0,0.05328,2129.72,1.9191,0,1.50516,1.50516,0.05328,0,0.001,0.0532894,306.917,0,0,0,0,1
223,0,0.05352,2119.83,1.90354,0,1.50598,1.50598,0.05352,0,0.001,0.0535293,306.971,0,0,0,0,1
224,0,0.05376,2110.48,1.88899,0,1.50669,1.50669,0.05376,0,0.001,0.0537693,307.026,0,0,0,0,1
225,0,0.054,2101.13,1.87444,0,1.50739,1.50739,0.054,0,0.001,0.0540093,307.081,0,0,0,0,1
226,0,0.05424,2091.78,1.85989,0,1.5081,1.5081,0.05424,0,0.001,0.0542492,307.136,0,0,0,0,1
227,0,0.05448,2082.43,1.84534,0,1.5088,1.5088,0.05448,0,0.001,0.0544892,307.191,0,0,0,0,1
228,0,0.05472,2073.57,1.83169,0,1.50939,1.50939,0.05472,0,0.001,0.0547291,307.246,0,0,0,0,1
229,0,0.05496,2064.89,1.81837,0,1.50994,1.50994,0.05496,0,0.001,0.0549691,307.301,0,0,0,0,1
230,0,0.0552,2056.22,1.80505,0,1.51048,1.51048,0.0552,0,0.001,0.0552091,307.357,0,0,0,0,1
231,0,0.05544,2047.54,1.79174,0,1.51102,1.51102,0.05544,0,0.001,0.055449,307.412,0,0,0,0,1
232,0,0.05568,2038.98,1.77862,0,1.51154,1.51154,0.05568,0,0.001,0.055689,307.467,0,0,0,0,1
233,0,0.05592,2030.9,1.76639,0,1.51193,1.51193,0.05592,0,0.001,0.0559289,307.523,0,0,0,0,1
234,0,0.05616,2022.83,1.75416,0,1.51232,1.51232,0.05616,0,0.001,0.0561689,307.578,0,0,0,0,1
235,0,0.0564,2014.76,1.74193,0,1.51271,1.51271,0.0564,0,0.001,0.0564089,307.634,0,0,0,0,1
236,0,0.05664,2006.69,1.72971,0,1.51309,1.51309,0.05664,0,0.001,0.0566488,307.689,0,0,0,0,1
237,0,0.05688,1998.96,1.71809,0,1.51339,1.51339,0.05688,0,0.001,0.0568888,307.745,0,0,0,0,1
238,0,0.05712,1991.42,1.70682,0,1.51363,1.51363,0.05712,0,0.001,0.0571288,307.801,0,0,0,0,1
239,0,0.05736,1983.89,1.69555,0,1.51387,1.51387,0.05736,0,0.001,0.0573687,307.857,0,0,0,0,1
240,0,0.0576,1976.35,1.68428,0,1.51411,1.51411,0.0576,0,0.001,0.0576087,307.912,0,0,0,0,1
241,0,0.05784,1968.86,1.67309,0,1.51433,1.51433,0.05784,0,0.001,0.0578486,307.968,0,0,0,0,1
242,0,0.05808,1961.81,1.66266,0,1.51443,1.51443,0.05808,0,0.001,0.0580886,308.024,0,0,0,0,1
243,0,0.05832,1954.75,1.65224,0,1.51453,1.51453,0.05832,0,0.001,0.0583286,308.08,0,0,0,0,1
244,0,0.05856,1947.7,1.64182,0,1.51463,1.51463,0.05856,0,0.001,0.0585685,308.136,0,0,0,0,1
245,0,0.0588,1940.65,1.63139,0,1.51473,1.51473,0.0588,0,0.001,0.0588085,308.192,0,0,0,0,1
246,0,0.05904,1933.83,1.62138,0,1.51476,1.51476,0.05904,0,0.001,0.0590485,308.248,0,0,0,0,1
247,0,0.05928,1927.21,1.61171,0,1.51472,1.51472,0.05928,0,0.001,0.0592884,308.304,0,0,0,0,1
248,0,0.05952,1920.59,1.60203,0,1.51469,1.51469,0.05952,0,0.001,0.0595284,308.36,0,0,0,0,1
249,0,0.05976,1913.97,1.59236,0,1.51466,1.51466,0.05976,0,0.001,0.0597684,308.416,0,0,0,0,1
250,0,0.06,1907.34,1.58268,0,1.51463,1.51463,0.06,0,0.001,0.0600083,308.472,0,0,0,0,1
251,0,0.06024,1901.12,1.57368,0,1.51447,1.51447,0.06024,0,0.001,0.0602483,308.528,0,0,0,0,1
252,0,0.06048,1894.89,1.56468,0,1.51432,1.51432,0.06048,0,0.001,0.0604883,308.585,0,0,0,0,1
253,0,0.06072,1888.66,1.55568,0,1.51417,1.51417,0.06072,0,0.001,0.0607282,308.641,0,0,0,0,1
254,0,0.06096,1882.43,1.54668,0,1.51401,1.51401,0.06096,0,0.001,0.0609682,308.698,0,0,0,0,1
255,0,0.0612,1876.36,1.53795,0,1.51381,1.51381,0.0612,0,0.001,0.0612082,308.754,0,0,0,0,1
256,0,0.06144,1870.5,1.52956,0,1.51355,1.51355,0.06144,0,0.001,0.0614481,308.811,0,0,0,0,1
257,0,0.06168,1864.63,1.52117,0,1.51328,1.51328,0.06168,0,0.001,0.0616881,308.867,0,0,0,0,1
258,0,0.06192,1858.76,1.51277,0,1.51302,1.51302,0.06192,0,0.001,0.0619281,308.924,0,0,0,0,1
259,0,0.06216,1852.89,1.50438,0,1.51275,1.51275,0.06216,0,0.001,0.062168,308.98,0,0,0,0,1
260,0,0.0624,1847.33,1.4965,0,1.5124,1.5124,0.0624,0,0.001,0.062408,309.037,0,0,0,0,1
261,0,0.06264,1841.8,1.48867,0,1.51203,1.51203,0.06264,0,0.001,0.062648,309.093,0,0,0,0,1
262,0,0.06288,1836.27,1.48084,0,1.51167,1.51167,0.06288,0,0.001,0.062888,309.15,0,0,0,0,1
263,0,0.06312,1830.74,1.473,0,1.51131,1.51131,0.06312,0,0.001,0.0631279,309.207,0,0,0,0,1
264,0,0.06336,1825.32,1.46536,0,1.51091,1.51091,0.06336,0,0.001,0.0633679,309.263,0,0,0,0,1
265,0,0.0636,1820.11,1.45805,0,1.51045,1.51045,0.0636,0,0.001,0.0636079,309.32,0,0,0,0,1
266,0,0.06384,1814.9,1.45074,0,1.51,1.51,0.06384,0,0.001,0.0638478,309.376,0,0,0,0,1
267,0,0.06408,1809.69,1.44343,0,1.50954,1.50954,0.06408,0,0.001,0.0640878,309.433,0,0,0,0,1
268,0,0.06432,1804.47,1.43611,0,1.50909,1.50909,0.06432,0,0.001,0.0643278,309.489,0,0,0,0,1
269,0,0.06456,1799.51,1.4292,0,1.50856,1.50856,0.06456,0,0.001,0.0645677,309.546,0,0,0,0,1
270,0,0.0648,1794.6,1.42238,0,1.50803,1.50803,0.0648,0,0.001,0.0648077,309.603,0,0,0,0,1
271,0,0.06504,1789.69,1.41555,0,1.50749,1.50749,0.06504,0,0.001,0.0650477,309.659,0,0,0,0,1
272,0,0.06528,1784.78,1.40873,0,1.50695,1.50695,0.06528,0,0.001,0.0652877,309.716,0,0,0,0,1
273,0,0.06552,1779.94,1.40203,0,1.50639,1.50639,0.06552,0,0.001,0.0655276,309.772,0,0,0,0,1
274,0,0.06576,1775.32,1.39566,0,1.50578,1.50578,0.06576,0,0.001,0.0657676,309.829,0,0,0,0,1
275,0,0.066,1770.7,1.38929,0,1.50517,1.50517,0.066,0,0.001,0.0660076,309.886,0,0,0,0,1
276,0,0.06624,1766.08,1.38292,0,1.50455,1.50455,0.06624,0,0.001,0.0662475,309.942,0,0,0,0,1
277,0,0.06648,1761.46,1.37656,0,1.50394,1.50394,0.06648,0,0.001,0.0664875,309.999,0,0,0,0,1
278,0,0.06672,1757.03,1.3705,0,1.50328,1.50328,0.06672,0,0.001,0.0667275,310.056,0,0,0,0,1
279,0,0.06696,1752.68,1.36456,0,1.5026,1.5026,0.06696,0,0.001,0.0669675,310.112,0,0,0,0,1
280,0,0.0672,1748.34,1.35862,0,1.50191,1.50191,0.0672,0,0.001,0.0672074,310.169,0,0,0,0,1
281,0,0.06744,1743.99,1.35268,0,1.50123,1.50123,0.06744,0,0.001,0.0674474,310.225,0,0,0,0,1
282,0,0.06768,1739.69,1.34681,0,1.50054,1.50054,0.06768,0,0.001,0.0676874,310.282,0,0,0,0,1
283,0,0.06792,1735.6,1.34126,0,1.49979,1.49979,0.06792,0,0.001,0.0679274,310.338,0,0,0,0,1
284,0,0.06816,1731.5,1.33572,0,1.49905,1.49905,0.06816,0,0.001,0.0681673,310.395,0,0,0,0,1
285,0,0.0684,1727.41,1.33017,0,1.4983,1.4983,0.0684,0,0.001,0.0684073,310.451,0,0,0,0,1
286,0,0.06864,1723.32,1.32463,0,1.49756,1.49756,0.06864,0,0.001,0.0686473,310.508,0,0,0,0,1
287,0,0.06888,1719.38,1.31931,0,1.49677,1.49677,0.06888,0,0.001,0.0688873,310.564,0,0,0,0,1
288,0,0.06912,1715.53,1.31413,0,1.49596,1.49596,0.06912,0,0.001,0.0691272,310.621,0,0,0,0,1
289,0,0.06936,1711.68,1.30895,0,1.49515,1.49515,0.06936,0,0.001,0.0693672,310.677,0,0,0,0,1
290,0,0.0696,1707.82,1.30376,0,1.49435,1.49435,0.0696,0,0.001,0.0696072,310.734,0,0,0,0,1
291,0,0.06984,1703.99,1.29861,0,1.49353,1.49353,0.06984,0,0.001,0.0698472,310.79,0,0,0,0,1
292,0,0.07008,1700.35,1.29375,0,1.49266,1.49266,0.07008,0,0.001,0.0700871,310.846,0,0,0,0,1
293,0,0.07032,1696.72,1.2889,0,1.49179,1.49179,0.07032,0,0.001,0.0703271,310.903,0,0,0,0,1
294,0,0.07056,1693.08,1.28404,0,1.49091,1.49091,0.07056,0,0.001,0.0705671,310.959,0,0,0,0,1
295,0,0.0708,1689.44,1.27918,0,1.49004,1.49004,0.0708,0,0.001,0.0708071,311.015,0,0,0,0,1
296,0,0.07104,1685.91,1.27449,0,1.48913,1.48913,0.07104,0,0.001,0.071047,311.071,0,0,0,0,1
297,0,0.07128,1682.48,1.26993,0,1.4882,1.4882,0.07128,0,0.001,0.071287,311.127,0,0,0,0,1
298,0,0.07152,1679.04,1.26536,0,1.48726,1.48726,0.07152,0,0.001,0.071527,311.183,0,0,0,0,1
299,0,0.07176,1675.6,1.2608,0,1.48633,1.48633,0.07176,0,0.001,0.071767,311.239,0,0,0,0,1
300,0,0.072,1672.16,1.25624,0,1.48539,1.48539,0.072,0,0.001,0.0720069,311.296,0,0,0,0,1
301,0,0.07224,1668.9,1.25194,0,1.48439,1.48439,0.07224,0,0.001,0.0722469,311.352,0,0,0,0,1
302,0,0.07248,1665.64,1.24764,0,1.48339,1.48339,0.07248,0,0.001,0.0724869,311.407,0,0,0,0,1
303,0,0.07272,1662.38,1.24335,0,1.48238,1.48238,0.07272,0,0.001,0.0727269,311.463,0,0,0,0,1
304,0,0.07296,1659.11,1.23905,0,1.48138,1.48138,0.07296,0,0.001,0.0729669,311.519,0,0,0,0,1
305,0,0.0732,1655.92,1.23486,0,1.48035,1.48035,0.0732,0,0.001,0.0732068,311.575,0,0,0,0,1
306,0,0.07344,1652.82,1.23079,0,1.47928,1.47928,0.07344,0,0.001,0.0734468,311.631,0,0,0,0,1
307,0,0.07368,1649.72,1.22673,0,1.47821,1.47821,0.07368,0,0.001,0.0736868,311.687,0,0,0,0,1
308,0,0.07392,1646.62,1.22267,0,1.47713,1.47713,0.07392,0,0.001,0.0739268,311.743,0,0,0,0,1
309,0,0.07416,1643.51,1.2186,0,1.47606,1.47606,0.07416,0,0.001,0.0741667,311.798,0,0,0,0,1
310,0,0.0744,1640.54,1.21473,0,1.47493,1.47493,0.0744,0,0.001,0.0744067,311.854,0,0,0,0,1
311,0,0.07464,1637.58,1.21088,0,1.47378,1.47378,0.07464,0,0.001,0.0746467,311.909,0,0,0,0,1
312,0,0.07488,1634.62,1.20703,0,1.47264,1.47264,0.07488,0,0.001,0.0748867,311.965,0,0,0,0,1
313,0,0.07512,1631.66,1.20318,0,1.4715,1.4715,0.07512,0,0.001,0.0751267,312.02,0,0,0,0,1
314,0,0.07536,1628.75,1.19939,0,1.47033,1.47033,0.07536,0,0.001,0.0753666,312.076,0,0,0,0,1
315,0,0.0756,1625.92,1.19573,0,1.46911,1.46911,0.0756,0,0.001,0.0756066,312.131,0,0,0,0,1
316,0,0.07584,1623.09,1.19207,0,1.46789,1.46789,0.07584,0,0.001,0.0758466,312.186,0,0,0,0,1
317,0,0.07608,1620.26,1.18842,0,1.46668,1.46668,0.07608,0,0.001,0.0760866,312.241,0,0,0,0,1
318,0,0.07632,1617.43,1.18476,0,1.46546,1.46546,0.07632,0,0.001,0.0763265,312.296,0,0,0,0,1
319,0,0.07656,1614.7,1.18124,0,1.46418,1.46418,0.07656,0,0.001,0.0765665,312.352,0,0,0,0,1
320,0,0.0768,1612,1.17775,0,1.46289,1.46289,0.0768,0,0.001,0.0768065,312.407,0,0,0,0,1
321,0,0.07704,1609.29,1.17427,0,1.4616,1.4616,0.07704,0,0.001,0.0770465,312.462,0,0,0,0,1
322,0,0.07728,1606.58,1.17078,0,1.46031,1.46031,0.07728,0,0.001,0.0772865,312.517,0,0,0,0,1
323,0,0.07752,1603.9,1.16734,0,1.459,1.459,0.07752,0,0.001,0.0775265,312.571,0,0,0,0,1
324,0,0.07776,1601.31,1.16402,0,1.45763,1.45763,0.07776,0,0.001,0.0777664,312.626,0,0,0,0,1
325,0,0.078,1598.71,1.1607,0,1.45627,1.45627,0.078,0,0.001,0.0780064,312.681,0,0,0,0,1
326,0,0.07824,1596.12,1.15738,0,1.45491,1.45491,0.07824,0,0.001,0.0782464,312.735,0,0,0,0,1
327,0,0.07848,1593.52,1.15406,0,1.45354,1.45354,0.07848,0,0.001,0.0784864,312.79,0,0,0,0,1
328,0,0.07872,1591.01,1.15085,0,1.45213,1.45213,0.07872,0,0.001,0.0787263,312.845,0,0,0,0,1
329,0,0.07896,1588.52,1.14768,0,1.45069,1.45069,0.07896,0,0.001,0.0789663,312.899,0,0,0,0,1
330,0,0.0792,1586.03,1.14452,0,1.44926,1.44926,0.0792,0,0.001,0.0792063,312.953,0,0,0,0,1
331,0,0.07944,1583.54,1.14135,0,1.44782,1.44782,0.07944,0,0.001,0.0794463,313.008,0,0,0,0,1
332,0,0.07968,1581.07,1.13821,0,1.44638,1.44638,0.07968,0,0.001,0.0796863,313.062,0,0,0,0,1
333,0,0.07992,1578.69,1.13519,0,1.44488,1.44488,0.07992,0,0.001,0.0799263,313.117,0,0,0,0,1
334,0,0.08016,1576.3,1.13217,0,1.44338,1.44338,0.08016,0,0.001,0.0801662,313.171,0,0,0,0,1
335,0,0.0804,1573.91,1.12915,0,1.44188,1.44188,0.0804,0,0.001,0.0804062,313.225,0,0,0,0,1
336,0,0.08064,1571.53,1.12612,0,1.44038,1.44038,0.08064,0,0.001,0.0806462,313.279,0,0,0,0,1
337,0,0.08088,1569.2,1.12319,0,1.43884,1.43884,0.08088,0,0.001,0.0808862,313.333,0,0,0,0,1
338,0,0.08112,1566.92,1.12031,0,1.43728,1.43728,0.08112,0,0.001,0.0811262,313.387,0,0,0,0,1
339,0,0.08136,1564.63,1.11742,0,1.43572,1.43572,0.08136,0,0.001,0.0813661,313.441,0,0,0,0,1
340,0,0.0816,1562.34,1.11454,0,1.43416,1.43416,0.0816,0,0.001,0.0816061,313.495,0,0,0,0,1
341,0,0.08184,1560.06,1.11166,0,1.43259,1.43259,0.08184,0,0.001,0.0818461,313.549,0,0,0,0,1
342,0,0.08208,1557.87,1.10891,0,1.43098,1.43098,0.08208,0,0.001,0.0820861,313.603,0,0,0,0,1
343,0,0.08232,1555.67,1.10616,0,1.42936,1.42936,0.08232,0,0.001,0.0823261,313.657,0,0,0,0,1
344,0,0.08256,1553.48,1.1034,0,1.42774,1.42774,0.08256,0,0.001,0.0825661,313.711,0,0,0,0,1
345,0,0.0828,1551.28,1.10065,0,1.42613,1.42613,0.0828,0,0.001,0.082806,313.765,0,0,0,0,1
346,0,0.08304,1549.14,1.09797,0,1.42448,1.42448,0.08304,0,0.001,0.083046,313.818,0,0,0,0,1
347,0,0.08328,1547.03,1.09534,0,1.42281,1.42281,0.08328,0,0.001,0.083286,313.872,0,0,0,0,1
348,0,0.08352,1544.92,1.09271,0,1.42115,1.42115,0.08352,0,0.001,0.083526,313.925,0,0,0,0,1
349,0,0.08376,1542.82,1.09008,0,1.41948,1.41948,0.08376,0,0.001,0.083766,313.979,0,0,0,0,1
350,0,0.084,1540.71,1.08745,0,1.41781,1.41781,0.084,0,0.001,0.084006,314.033,0,0,0,0,1
351,0,0.08424,1538.69,1.08494,0,1.4161,1.4161,0.08424,0,0.001,0.0842459,314.086,0,0,0,0,1
352,0,0.08448,1536.67,1.08242,0,1.41438,1.41438,0.08448,0,0.001,0.0844859,314.139,0,0,0,0,1
353,0,0.08472,1534.64,1.07991,0,1.41267,1.41267,0.08472,0,0.001,0.0847259,314.192,0,0,0,0,1
354,0,0.08496,1532.62,1.0774,0,1.41095,1.41095,0.08496,0,0.001,0.0849659,314.245,0,0,0,0,1
355,0,0.0852,1530.64,1.07493,0,1.40922,1.40922,0.0852,0,0.001,0.0852059,314.299,0,0,0,0,1
356,0,0.08544,1528.7,1.07253,0,1.40746,1.40746,0.08544,0,0.001,0.0854458,314.352,0,0,0,0,1
357,0,0.08568,1526.75,1.07012,0,1.40571,1.40571,0.08568,0,0.001,0.0856858,314.405,0,0,0,0,1
358,0,0.08592,1524.81,1.06772,0,1.40395,1.40395,0.08592,0,0.001,0.0859258,314.458,0,0,0,0,1
359,0,0.08616,1522.87,1.06531,0,1.40219,1.40219,0.08616,0,0.001,0.0861658,314.511,0,0,0,0,1
360,0,0.0864,1521,1.063,0,1.4004,1.4004,0.0864,0,0.001,0.0864058,314.564,0,0,0,0,1
361,0,0.08664,1519.13,1.0607,0,1.39861,1.39861,0.08664,0,0.001,0.0866458,314.617,0,0,0,0,1
362,0,0.08688,1517.26,1.0584,0,1.39681,1.39681,0.08688,0,0.001,0.0868858,314.669,0,0,0,0,1
363,0,0.08712,1515.39,1.0561,0,1.39502,1.39502,0.08712,0,0.001,0.0871257,314.722,0,0,0,0,1
364,0,0.08736,1513.55,1.05383,0,1.39321,1.39321,0.08736,0,0.001,0.0873657,314.775,0,0,0,0,1
365,0,0.0876,1511.75,1.05163,0,1.39138,1.39138,0.0876,0,0.001,0.0876057,314.828,0,0,0,0,1
366,0,0.08784,1509.96,1.04942,0,1.38955,1.38955,0.08784,0,0.001,0.0878457,314.881,0,0,0,0,1
367,0,0.08808,1508.16,1.04722,0,1.38772,1.38772,0.08808,0,0.001,0.0880857,314.933,0,0,0,0,1
368,0,0.08832,1506.36,1.04501,0,1.38589,1.38589,0.08832,0,0.001,0.0883257,314.986,0,0,0,0,1
369,0,0.08856,1504.62,1.04288,0,1.38403,1.38403,0.08856,0,0.001,0.0885656,315.038,0,0,0,0,1
370,0,0.0888,1502.89,1.04076,0,1.38217,1.38217,0.0888,0,0.001,0.0888056,315.091,0,0,0,0,1
371,0,0.08904,1501.16,1.03864,0,1.38031,1.38031,0.08904,0,0.001,0.0890456,315.143,0,0,0,0,1
372,0,0.08928,1499.43,1.03653,0,1.37844,1.37844,0.08928,0,0.001,0.0892856,315.195,0,0,0,0,1
373,0,0.08952,1497.71,1.03443,0,1.37657,1.37657,0.08952,0,0.001,0.0895256,315.248,0,0,0,0,1
374,0,0.08976,1496.04,1.0324,0,1.37468,1.37468,0.08976,0,0.001,0.0897656,315.3,0,0,0,0,1
375,0,0.09,1494.38,1.03036,0,1.37279,1.37279,0.09,0,0.001,0.0900056,315.352,0,0,0,0,1
376,0,0.09024,1492.71,1.02833,0,1.3709,1.3709,0.09024,0,0.001,0.0902455,315.404,0,0,0,0,1
377,0,0.09048,1491.04,1.02629,0,1.36901,1.36901,0.09048,0,0.001,0.0904855,315.456,0,0,0,0,1
378,0,0.09072,1489.41,1.02432,0,1.36709,1.36709,0.09072,0,0.001,0.0907255,315.508,0,0,0,0,1
379,0,0.09096,1487.79,1.02236,0,1.36517,1.36517,0.09096,0,0.001,0.0909655,315.56,0,0,0,0,1
380,0,0.0912,1486.18,1.0204,0,1.36326,1.36326,0.0912,0,0.001,0.0912055,315.612,0,0,0,0,1
381,0,0.09144,1484.57,1.01845,0,1.36134,1.36134,0.09144,0,0.001,0.0914455,315.664,0,0,0,0,1
382,0,0.09168,1482.97,1.0165,0,1.35941,1.35941,0.09168,0,0.001,0.0916855,315.716,0,0,0,0,1
383,0,0.09192,1481.41,1.01462,0,1.35747,1.35747,0.09192,0,0.001,0.0919254,315.767,0,0,0,0,1
384,0,0.09216,1479.85,1.01273,0,1.35552,1.35552,0.09216,0,0.001,0.0921654,315.819,0,0,0,0,1
385,0,0.0924,1478.29,1.01085,0,1.35358,1.35358,0.0924,0,0.001,0.0924054,315.871,0,0,0,0,1
386,0,0.09264,1476.74,1.00896,0,1.35163,1.35163,0.09264,0,0.001,0.0926454,315.922,0,0,0,0,1
387,0,0.09288,1475.21,1.00712,0,1.34967,1.34967,0.09288,0,0.001,0.0928854,315.974,0,0,0,0,1
388,0,0.09312,1473.7,1.0053,0,1.3477,1.3477,0.09312,0,0.001,0.0931254,316.025,0,0,0,0,1
389,0,0.09336,1472.2,1.00348,0,1.34573,1.34573,0.09336,0,0.001,0.0933654,316.076,0,0,0,0,1
390,0,0.0936,1470.69,1.00167,0,1.34376,1.34376,0.0936,0,0.001,0.0936053,316.128,0,0,0,0,1
391,0,0.09384,1469.19,0.999857,0,1.34179,1.34179,0.09384,0,0.001,0.0938453,316.179,0,0,0,0,1
392,0,0.09408,1467.73,0.998103,0,1.3398,1.3398,0.09408,0,0.001,0.0940853,316.23,0,0,0,0,1
393,0,0.09432,1466.27,0.99635,0,1.3378,1.3378,0.09432,0,0.001,0.0943253,316.281,0,0,0,0,1
394,0,0.09456,1464.81,0.994596,0,1.33581,1.33581,0.09456,0,0.001,0.0945653,316.333,0,0,0,0,1
395,0,0.0948,1463.35,0.992843,0,1.33382,1.33382,0.0948,0,0.001,0.0948053,316.384,0,0,0,0,1
396,0,0.09504,1461.91,0.991121,0,1.33181,1.33181,0.09504,0,0.001,0.0950453,316.435,0,0,0,0,1
397,0,0.09528,1460.5,0.989427,0,1.32979,1.32979,0.09528,0,0.001,0.0952852,316.486,0,0,0,0,1
398,0,0.09552,1459.08,0.987732,0,1.32778,1.32778,0.09552,0,0.001,0.0955252,316.536,0,0,0,0,1
399,0,0.09576,1457.67,0.986038,0,1.32576,1.32576,0.09576,0,0.001,0.0957652,316.587,0,0,0,0,1
400,0,0.096,1456.26,0.984344,0,1.32375,1.32375,0.096,0,0.001,0.0960052,316.638,0,0,0,0,1
401,0,0.09624,1454.88,0.982705,0,1.3217,1.3217,0.09624,0,0.001,0.0962452,316.688,0,0,0,0,1
402,0,0.09648,1453.51,0.981067,0,1.31966,1.31966,0.09648,0,0.001,0.0964852,316.739,0,0,0,0,1
403,0,0.09672,1452.14,0.979429,0,1.31762,1.31762,0.09672,0,0.001,0.0967252,316.789,0,0,0,0,1
404,0,0.09696,1450.76,0.977791,0,1.31558,1.31558,0.09696,0,0.001,0.0969652,316.84,0,0,0,0,1
405,0,0.0972,1449.41,0.976177,0,1.31353,1.31353,0.0972,0,0.001,0.0972051,316.89,0,0,0,0,1
406,0,0.09744,1448.08,0.974593,0,1.31147,1.31147,0.09744,0,0.001,0.0974451,316.94,0,0,0,0,1
407,0,0.09768,1446.75,0.973008,0,1.3094,1.3094,0.09768,0,0.001,0.0976851,316.991,0,0,0,0,1
408,0,0.09792,1445.41,0.971424,0,1.30733,1.30733,0.09792,0,0.001,0.0979251,317.041,0,0,0,0,1
409,0,0.09816,1444.08,0.96984,0,1.30527,1.30527,0.09816,0,0.001,0.0981651,317.091,0,0,0,0,1
410,0,0.0984,1442.79,0.968302,0,1.30318,1.30318,0.0984,0,0.001,0.0984051,317.141,0,0,0,0,1
411,0,0.09864,1441.49,0.966769,0,1.30109,1.30109,0.09864,0,0.001,0.0986451,317.191,0,0,0,0,1
412,0,0.09888,1440.2,0.965236,0,1.29899,1.29899,0.09888,0,0.001,0.0988851,317.241,0,0,0,0,1
413,0,0.09912,1438.91,0.963703,0,1.2969,1.2969,0.09912,0,0.001,0.099125,317.291,0,0,0,0,1
414,0,0.09936,1437.63,0.962188,0,1.2948,1.2948,0.09936,0,0.001,0.099365,317.341,0,0,0,0,1
415,0,0.0996,1436.38,0.960704,0,1.29268,1.29268,0.0996,0,0.001,0.099605,317.39,0,0,0,0,1
416,0,0.09984,1435.13,0.95922,0,1.29056,1.29056,0.09984,0,0.001,0.099845,317.44,0,0,0,0,1
417,0,0.10008,1433.87,0.957737,0,1.28845,1.28845,0.10008,0,0.001,0.100085,317.49,0,0,0,0,1
418,0,0.10032,1432.62,0.956253,0,1.28633,1.28633,0.10032,0,0.001,0.100325,317.539,0,0,0,0,1
419,0,0.10056,1431.39,0.954809,0,1.28419,1.28419,0.10056,0,0.001,0.100565,317.589,0,0,0,0,1
420,0,0.1008,1430.18,0.953373,0,1.28205,1.28205,0.1008,0,0.001,0.100805,317.638,0,0,0,0,1
421,0,0.10104,1428.96,0.951937,0,1.2799,1.2799,0.10104,0,0.001,0.101045,317.688,0,0,0,0,1
422,0,0.10128,1427.74,0.950502,0,1.27776,1.27776,0.10128,0,0.001,0.101285,317.737,0,0,0,0,1
423,0,0.10152,1426.53,0.949079,0,1.27561,1.27561,0.10152,0,0.001,0.101525,317.786,0,0,0,0,1
424,0,0.10176,1425.35,0.94769,0,1.27344,1.27344,0.10176,0,0.001,0.101765,317.836,0,0,0,0,1
425,0,0.102,1424.17,0.946301,0,1.27127,1.27127,0.102,0,0.001,0.102005,317.885,0,0,0,0,1
426,0,0.10224,1422.99,0.944911,0,1.2691,1.2691,0.10224,0,0.001,0.102245,317.934,0,0,0,0,1
427,0,0.10248,1421.81,0.943522,0,1.26693,1.26693,0.10248,0,0.001,0.102485,317.983,0,0,0,0,1
428,0,0.10272,1420.65,0.942166,0,1.26474,1.26474,0.10272,0,0.001,0.102725,318.032,0,0,0,0,1
429,0,0.10296,1419.51,0.940822,0,1.26255,1.26255,0.10296,0,0.001,0.102965,318.081,0,0,0,0,1
430,0,0.1032,1418.36,0.939479,0,1.26036,1.26036,0.1032,0,0.001,0.103205,318.13,0,0,0,0,1
431,0,0.10344,1417.22,0.938135,0,1.25816,1.25816,0.10344,0,0.001,0.103445,318.179,0,0,0,0,1
432,0,0.10368,1416.08,0.936799,0,1.25596,1.25596,0.10368,0,0.001,0.103685,318.228,0,0,0,0,1
433,0,0.10392,1414.97,0.935499,0,1.25374,1.25374,0.10392,0,0.001,0.103925,318.277,0,0,0,0,1
434,0,0.10416,1413.86,0.934199,0,1.25152,1.25152,0.10416,0,0.001,0.104165,318.325,0,0,0,0,1
435,0,0.1044,1412.74,0.932899,0,1.24931,1.24931,0.1044,0,0.001,0.104405,318.374,0,0,0,0,1
436,0,0.10464,1411.63,0.931599,0,1.24709,1.24709,0.10464,0,0.001,0.104645,318.423,0,0,0,0,1
437,0,0.10488,1410.54,0.930326,0,1.24485,1.24485,0.10488,0,0.001,0.104885,318.471,0,0,0,0,1
438,0,0.10512,1409.47,0.929069,0,1.24261,1.24261,0.10512,0,0.001,0.105125,318.52,0,0,0,0,1
439,0,0.10536,1408.39,0.927812,0,1.24037,1.24037,0.10536,0,0.001,0.105365,318.568,0,0,0,0,1
440,0,0.1056,1407.31,0.926554,0,1.23813,1.23813,0.1056,0,0.001,0.105605,318.617,0,0,0,0,1
441,0,0.10584,1406.24,0.9253,0,1.23588,1.23588,0.10584,0,0.001,0.105845,318.665,0,0,0,0,1
442,0,0.10608,1405.19,0.924084,0,1.23362,1.23362,0.10608,0,0.001,0.106085,318.714,0,0,0,0,1
443,0,0.10632,1404.15,0.922867,0,1.23136,1.23136,0.10632,0,0.001,0.106325,318.762,0,0,0,0,1
444,0,0.10656,1403.1,0.921651,0,1.2291,1.2291,0.10656,0,0.001,0.106565,318.811,0,0,0,0,1
445,0,0.1068,1402.06,0.920434,0,1.22683,1.22683,0.1068,0,0.001,0.106805,318.859,0,0,0,0,1
446,0,0.10704,1401.03,0.919239,0,1.22456,1.22456,0.10704,0,0.001,0.107045,318.907,0,0,0,0,1
447,0,0.10728,1400.01,0.918062,0,1.22228,1.22228,0.10728,0,0.001,0.107285,318.956,0,0,0,0,1
448,0,0.10752,1399,0.916885,0,1.22,1.22,0.10752,0,0.001,0.107525,319.004,0,0,0,0,1
449,0,0.10776,1397.98,0.915708,0,1.21772,1.21772,0.10776,0,0.001,0.107765,319.052,0,0,0,0,1
450,0,0.108,1396.97,0.914531,0,1.21544,1.21544,0.108,0,0.001,0.108005,319.1,0,0,0,0,1
451,0,0.10824,1395.99,0.913391,0,1.21314,1.21314,0.10824,0,0.001,0.108245,319.149,0,0,0,0,1
452,0,0.10848,1395,0.912252,0,1.21085,1.21085,0.10848,0,0.001,0.108485,319.197,0,0,0,0,1
453,0,0.10872,1394.02,0.911112,0,1.20855,1.20855,0.10872,0,0.001,0.108725,319.245,0,0,0,0,1
454,0,0.10896,1393.04,0.909973,0,1.20625,1.20625,0.10896,0,0.001,0.108965,319.293,0,0,0,0,1
455,0,0.1092,1392.07,0.908849,0,1.20395,1.20395,0.1092,0,0.001,0.109205,319.341,0,0,0,0,1
456,0,0.10944,1391.11,0.907746,0,1.20164,1.20164,0.10944,0,0.001,0.109445,319.389,0,0,0,0,1
457,0,0.10968,1390.16,0.906643,0,1.19933,1.19933,0.10968,0,0.001,0.109685,319.437,0,0,0,0,1
458,0,0.10992,1389.2,0.90554,0,1.19702,1.19702,0.10992,0,0.001,0.109925,319.486,0,0,0,0,1
459,0,0.11016,1388.25,0.904436,0,1.19471,1.19471,0.11016,0,0.001,0.110165,319.534,0,0,0,0,1
460,0,0.1104,1387.32,0.903364,0,1.19238,1.19238,0.1104,0,0.001,0.110405,319.582,0,0,0,0,1
461,0,0.11064,1386.39,0.902296,0,1.19006,1.19006,0.11064,0,0.001,0.110645,319.63,0,0,0,0,1
462,0,0.11088,1385.46,0.901227,0,1.18774,1.18774,0.11088,0,0.001,0.110885,319.677,0,0,0,0,1
463,0,0.11112,1384.54,0.900158,0,1.18542,1.18542,0.11112,0,0.001,0.111125,319.725,0,0,0,0,1
464,0,0.11136,1383.62,0.899101,0,1.1831,1.1831,0.11136,0,0.001,0.111364,319.773,0,0,0,0,1
465,0,0.1116,1382.72,0.898066,0,1.18077,1.18077,0.1116,0,0.001,0.111604,319.821,0,0,0,0,1
466,0,0.11184,1381.82,0.89703,0,1.17844,1.17844,0.11184,0,0.001,0.111844,319.869,0,0,0,0,1
467,0,0.11208,1380.92,0.895994,0,1.17611,1.17611,0.11208,0,0.001,0.112084,319.917,0,0,0,0,1
468,0,0.11232,1380.02,0.894958,0,1.17378,1.17378,0.11232,0,0.001,0.112324,319.965,0,0,0,0,1
469,0,0.11256,1379.14,0.893949,0,1.17145,1.17145,0.11256,0,0.001,0.112564,320.013,0,0,0,0,1
470,0,0.1128,1378.27,0.892945,0,1.16912,1.16912,0.1128,0,0.001,0.112804,320.061,0,0,0,0,1
471,0,0.11304,1377.39,0.891941,0,1.16678,1.16678,0.11304,0,0.001,0.113044,320.109,0,0,0,0,1
472,0,0.11328,1376.52,0.890937,0,1.16445,1.16445,0.11328,0,0.001,0.113284,320.157,0,0,0,0,1
473,0,0.11352,1375.65,0.889941,0,1.16211,1.16211,0.11352,0,0.001,0.113524,320.205,0,0,0,0,1
474,0,0.11376,1374.8,0.888968,0,1.15978,1.15978,0.11376,0,0.001,0.113764,320.253,0,0,0,0,1
475,0,0.114,1373.95,0.887995,0,1.15744,1.15744,0.114,0,0.001,0.114004,320.301,0,0,0,0,1
476,0,0.11424,1373.1,0.887021,0,1.1551,1.1551,0.11424,0,0.001,0.114244,320.349,0,0,0,0,1
477,0,0.11448,1372.25,0.886048,0,1.15277,1.15277,0.11448,0,0.001,0.114484,320.397,0,0,0,0,1
478,0,0.11472,1371.42,0.885096,0,1.15043,1.15043,0.11472,0,0.001,0.114724,320.445,0,0,0,0,1
479,0,0.11496,1370.59,0.884152,0,1.1481,1.1481,0.11496,0,0.001,0.114964,320.493,0,0,0,0,1
480,0,0.1152,1369.77,0.883209,0,1.14576,1.14576,0.1152,0,0.001,0.115204,320.54,0,0,0,0,1
481,0,0.11544,1368.95,0.882265,0,1.14343,1.14343,0.11544,0,0.001,0.115444,320.588,0,0,0,0,1
482,0,0.11568,1368.12,0.881326,0,1.14109,1.14109,0.11568,0,0.001,0.115684,320.636,0,0,0,0,1
483,0,0.11592,1367.32,0.88041,0,1.13876,1.13876,0.11592,0,0.001,0.115924,320.684,0,0,0,0,1
484,0,0.11616,1366.52,0.879495,0,1.13643,1.13643,0.11616,0,0.001,0.116164,320.732,0,0,0,0,1
485,0,0.1164,1365.71,0.878579,0,1.13409,1.13409,0.1164,0,0.001,0.116404,320.78,0,0,0,0,1
486,0,0.11664,1364.91,0.877663,0,1.13176,1.13176,0.11664,0,0.001,0.116644,320.828,0,0,0,0,1
487,0,0.11688,1364.12,0.876765,0,1.12944,1.12944,0.11688,0,0.001,0.116884,320.875,0,0,0,0,1
488,0,0.11712,1363.34,0.875876,0,1.12711,1.12711,0.11712,0,0.001,0.117124,320.923,0,0,0,0,1
489,0,0.11736,1362.56,0.874988,0,1.12478,1.12478,0.11736,0,0.001,0.117364,320.971,0,0,0,0,1
490,0,0.1176,1361.78,0.874099,0,1.12246,1.12246,0.1176,0,0.001,0.117604,321.019,0,0,0,0,1
491,0,0.11784,1361.01,0.873213,0,1.12013,1.12013,0.11784,0,0.001,0.117844,321.067,0,0,0,0,1
492,0,0.11808,1360.25,0.87235,0,1.11782,1.11782,0.11808,0,0.001,0.118084,321.115,0,0,0,0,1
493,0,0.11832,1359.49,0.871488,0,1.1155,1.1155,0.11832,0,0.001,0.118324,321.163,0,0,0,0,1
494,0,0.11856,1358.73,0.870625,0,1.11318,1.11318,0.11856,0,0.001,0.118564,321.21,0,0,0,0,1
495,0,0.1188,1357.97,0.869763,0,1.11087,1.11087,0.1188,0,0.001,0.118804,321.258,0,0,0,0,1
496,0,0.11904,1357.22,0.868913,0,1.10856,1.10856,0.11904,0,0.001,0.119044,321.306,0,0,0,0,1
497,0,0.11928,1356.48,0.868075,0,1.10625,1.10625,0.11928,0,0.001,0.119284,321.354,0,0,0,0,1
498,0,0.11952,1355.74,0.867237,0,1.10395,1.10395,0.11952,0,0.001,0.119524,321.402,0,0,0,0,1
499,0,0.11976,1355,0.866399,0,1.10164,1.10164,0.11976,0,0.001,0.119764,321.45,0,0,0,0,1
500,0,0.12,1354.27,0.865561,0,1.09933,1.09933,0.12,0,0.001,0.120004,321.497,0,0,0,0,1
501,0,0.12024,1353.55,0.864746,0,1.09704,1.09704,0.12024,0,0.001,0.120244,321.545,0,0,0,0,1
502,0,0.12048,1352.83,0.863931,0,1.09475,1.09475,0.12048,0,0.001,0.120484,321.593,0,0,0,0,1
503,0,0.12072,1352.11,0.863116,0,1.09245,1.09245,0.12072,0,0.001,0.120724,321.641,0,0,0,0,1
504,0,0.12096,1351.39,0.862301,0,1.09016,1.09016,0.12096,0,0.001,0.120964,321.688,0,0,0,0,1
505,0,0.1212,1350.68,0.861495,0,1.08787,1.08787,0.1212,0,0.001,0.121204,321.736,0,0,0,0,1
506,0,0.12144,1349.97,0.860701,0,1.08559,1.08559,0.12144,0,0.001,0.121444,321.784,0,0,0,0,1
507,0,0.12168,1349.27,0.859908,0,1.08331,1.08331,0.12168,0,0.001,0.121684,321.832,0,0,0,0,1
508,0,0.12192,1348.57,0.859114,0,1.08103,1.08103,0.12192,0,0.001,0.121924,321.88,0,0,0,0,1
509,0,0.12216,1347.87,0.85832,0,1.07875,1.07875,0.12216,0,0.001,0.122164,321.928,0,0,0,0,1
510,0,0.1224,1347.18,0.857544,0,1.07649,1.07649,0.1224,0,0.001,0.122404,321.975,0,0,0,0,1
511,0,0.12264,1346.49,0.85677,0,1.07422,1.07422,0.12264,0,0.001,0.122644,322.023,0,0,0,0,1
512,0,0.12288,1345.81,0.855995,0,1.07196,1.07196,0.12288,0,0.001,0.122884,322.071,0,0,0,0,1
513,0,0.12312,1345.12,0.855221,0,1.0697,1.0697,0.12312,0,0.001,0.123124,322.119,0,0,0,0,1
514,0,0.12336,1344.44,0.854453,0,1.06744,1.06744,0.12336,0,0.001,0.123364,322.167,0,0,0,0,1
515,0,0.1236,1343.77,0.853696,0,1.06519,1.06519,0.1236,0,0.001,0.123604,322.215,0,0,0,0,1
516,0,0.12384,1343.1,0.852939,0,1.06295,1.06295,0.12384,0,0.001,0.123844,322.262,0,0,0,0,1
517,0,0.12408,1342.42,0.852182,0,1.0607,1.0607,0.12408,0,0.001,0.124084,322.31,0,0,0,0,1
518,0,0.12432,1341.75,0.851425,0,1.05845,1.05845,0.12432,0,0.001,0.124324,322.358,0,0,0,0,1
519,0,0.12456,1341.09,0.85068,0,1.05622,1.05622,0.12456,0,0.001,0.124564,322.406,0,0,0,0,1
520,0,0.1248,1340.43,0.849939,0,1.054,1.054,0.1248,0,0.001,0.124804,322.453,0,0,0,0,1
521,0,0.12504,1339.77,0.849197,0,1.05177,1.05177,0.12504,0,0.001,0.125044,322.501,0,0,0,0,1
522,0,0.12528,1339.11,0.848455,0,1.04954,1.04954,0.12528,0,0.001,0.125284,322.549,0,0,0,0,1
523,0,0.12552,1338.46,0.847717,0,1.04732,1.04732,0.12552,0,0.001,0.125524,322.596,0,0,0,0,1
524,0,0.12576,1337.81,0.846989,0,1.04511,1.04511,0.12576,0,0.001,0.125764,322.644,0,0,0,0,1
525,0,0.126,1337.16,0.84626,0,1.0429,1.0429,0.126,0,0.001,0.126004,322.692,0,0,0,0,1
526,0,0.12624,1336.51,0.845532,0,1.0407,1.0407,0.12624,0,0.001,0.126244,322.739,0,0,0,0,1
527,0,0.12648,1335.86,0.844803,0,1.03849,1.03849,0.12648,0,0.001,0.126484,322.787,0,0,0,0,1
528,0,0.12672,1335.22,0.844083,0,1.0363,1.0363,0.12672,0,0.001,0.126724,322.835,0,0,0,0,1
529,0,0.12696,1334.58,0.843365,0,1.03411,1.03411,0.12696,0,0.001,0.126964,322.882,0,0,0,0,1
530,0,0.1272,1333.94,0.842647,0,1.03193,1.03193,0.1272,0,0.001,0.127204,322.93,0,0,0,0,1
531,0,0.12744,1333.3,0.841929,0,1.02974,1.02974,0.12744,0,0.001,0.127444,322.977,0,0,0,0,1
532,0,0.12768,1332.66,0.841213,0,1.02756,1.02756,0.12768,0,0.001,0.127684,323.025,0,0,0,0,1
533,0,0.12792,1332.03,0.840504,0,1.0254,1.0254,0.12792,0,0.001,0.127924,323.072,0,0,0,0,1
534,0,0.12816,1331.39,0.839794,0,1.02323,1.02323,0.12816,0,0.001,0.128164,323.119,0,0,0,0,1
535,0,0.1284,1330.76,0.839085,0,1.02107,1.02107,0.1284,0,0.001,0.128404,323.167,0,0,0,0,1
536,0,0.12864,1330.13,0.838375,0,1.01891,1.01891,0.12864,0,0.001,0.128644,323.214,0,0,0,0,1
537,0,0.12888,1329.49,0.83767,0,1.01676,1.01676,0.12888,0,0.001,0.128884,323.262,0,0,0,0,1
538,0,0.12912,1328.87,0.836966,0,1.01462,1.01462,0.12912,0,0.001,0.129124,323.309,0,0,0,0,1
539,0,0.12936,1328.24,0.836263,0,1.01248,1.01248,0.12936,0,0.001,0.129364,323.356,0,0,0,0,1
540,0,0.1296,1327.61,0.835559,0,1.01034,1.01034,0.1296,0,0.001,0.129604,323.403,0,0,0,0,1
541,0,0.12984,1326.98,0.834856,0,1.0082,1.0082,0.12984,0,0.001,0.129844,323.45,0,0,0,0,1
542,0,0.13008,1326.35,0.834155,0,1.00608,1.00608,0.13008,0,0.001,0.130084,323.497,0,0,0,0,1
543,0,0.13032,1325.72,0.833455,0,1.00396,1.00396,0.13032,0,0.001,0.130324,323.544,0,0,0,0,1
544,0,0.13056,1325.09,0.832755,0,1.00185,1.00185,0.13056,0,0.001,0.130564,323.592,0,0,0,0,1
545,0,0.1308,1324.47,0.832054,0,0.999729,0.999729,0.1308,0,0.001,0.130804,323.639,0,0,0,0,1
546,0,0.13104,1323.84,0.831354,0,0.997624,0.997624,0.13104,0,0.001,0.131044,323.686,0,0,0,0,1
547,0,0.13128,1323.21,0.830654,0,0.995529,0.995529,0.13128,0,0.001,0.131284,323.733,0,0,0,0,1
548,0,0.13152,1322.58,0.829955,0,0.993434,0.993434,0.13152,0,0.001,0.131524,323.78,0,0,0,0,1
549,0,0.13176,1321.95,0.829255,0,0.991339,0.991339,0.13176,0,0.001,0.131764,323.827,0,0,0,0,1
550,0,0.132,1321.32,0.828555,0,0.989244,0.989244,0.132,0,0.001,0.132004,323.874,0,0,0,0,1
551,0,0.13224,1320.69,0.827853,0,0.987171,0.987171,0.13224,0,0.001,0.132244,323.92,0,0,0,0,1
552,0,0.13248,1320.06,0.827151,0,0.985099,0.985099,0.13248,0,0.001,0.132484,323.967,0,0,0,0,1
553,0,0.13272,1319.43,0.826449,0,0.983027,0.983027,0.13272,0,0.001,0.132724,324.013,0,0,0,0,1
554,0,0.13296,1318.8,0.825747,0,0.980955,0.980955,0.13296,0,0.001,0.132964,324.06,0,0,0,0,1
555,0,0.1332,1318.17,0.825043,0,0.978893,0.978893,0.1332,0,0.001,0.133204,324.107,0,0,0,0,1
556,0,0.13344,1317.53,0.824335,0,0.976841,0.976841,0.13344,0,0.001,0.133444,324.153,0,0,0,0,1
557,0,0.13368,1316.89,0.823628,0,0.97479,0.97479,0.13368,0,0.001,0.133684,324.199,0,0,0,0,1
558,0,0.13392,1316.26,0.822921,0,0.972739,0.972739,0.13392,0,0.001,0.133924,324.245,0,0,0,0,1
559,0,0.13416,1315.62,0.822214,0,0.970687,0.970687,0.13416,0,0.001,0.134164,324.292,0,0,0,0,1
560,0,0.1344,1314.98,0.821499,0,0.968653,0.968653,0.1344,0,0.001,0.134404,324.338,0,0,0,0,1
561,0,0.13464,1314.33,0.820784,0,0.966621,0.966621,0.13464,0,0.001,0.134644,324.384,0,0,0,0,1
562,0,0.13488,1313.69,0.820069,0,0.964588,0.964588,0.13488,0,0.001,0.134884,324.43,0,0,0,0,1
563,0,0.13512,1313.04,0.819354,0,0.962556,0.962556,0.13512,0,0.001,0.135124,324.476,0,0,0,0,1
564,0,0.13536,1312.39,0.818634,0,0.960529,0.960529,0.13536,0,0.001,0.135364,324.522,0,0,0,0,1
565,0,0.1356,1311.73,0.817908,0,0.958513,0.958513,0.1356,0,0.001,0.135604,324.568,0,0,0,0,1
566,0,0.13584,1311.08,0.817182,0,0.956497,0.956497,0.13584,0,0.001,0.135844,324.614,0,0,0,0,1
567,0,0.13608,1310.42,0.816455,0,0.95448,0.95448,0.13608,0,0.001,0.136084,324.659,0,0,0,0,1
568,0,0.13632,1309.76,0.815729,0,0.952464,0.952464,0.13632,0,0.001,0.136324,324.705,0,0,0,0,1
569,0,0.13656,1309.1,0.814991,0,0.950458,0.950458,0.13656,0,0.001,0.136564,324.751,0,0,0,0,1
570,0,0.1368,1308.43,0.81425,0,0.948453,0.948453,0.1368,0,0.001,0.136804,324.796,0,0,0,0,1
571,0,0.13704,1307.75,0.813509,0,0.946449,0.946449,0.13704,0,0.001,0.137044,324.842,0,0,0,0,1
572,0,0.13728,1307.08,0.812767,0,0.944444,0.944444,0.13728,0,0.001,0.137284,324.887,0,0,0,0,1
573,0,0.13752,1306.41,0.812022,0,0.942441,0.942441,0.13752,0,0.001,0.137524,324.932,0,0,0,0,1
574,0,0.13776,1305.72,0.811263,0,0.940442,0.940442,0.13776,0,0.001,0.137764,324.977,0,0,0,0,1
575,0,0.138,1305.03,0.810505,0,0.938443,0.938443,0.138,0,0.001,0.138004,325.022,0,0,0,0,1
576,0,0.13824,1304.34,0.809746,0,0.936445,0.936445,0.13824,0,0.001,0.138244,325.067,0,0,0,0,1
577,0,0.13848,1303.66,0.808988,0,0.934446,0.934446,0.13848,0,0.001,0.138484,325.112,0,0,0,0,1
578,0,0.13872,1302.96,0.808214,0,0.932451,0.932451,0.13872,0,0.001,0.138724,325.157,0,0,0,0,1
579,0,0.13896,1302.25,0.807435,0,0.930457,0.930457,0.13896,0,0.001,0.138964,325.202,0,0,0,0,1
580,0,0.1392,1301.54,0.806656,0,0.928464,0.928464,0.1392,0,0.001,0.139204,325.247,0,0,0,0,1
581,0,0.13944,1300.83,0.805877,0,0.92647,0.92647,0.13944,0,0.001,0.139444,325.292,0,0,0,0,1
582,0,0.13968,1300.12,0.805092,0,0.924487,0.924487,0.13968,0,0.001,0.139684,325.337,0,0,0,0,1
583,0,0.13992,1299.39,0.804285,0,0.922552,0.922552,0.13992,0,0.001,0.139924,325.381,0,0,0,0,1
584,0,0.14016,1298.65,0.803477,0,0.920617,0.920617,0.14016,0,0.001,0.140164,325.426,0,0,0,0,1
585,0,0.1404,1297.92,0.802669,0,0.918682,0.918682,0.1404,0,0.001,0.140404,325.47,0,0,0,0,1
586,0,0.14064,1297.18,0.801862,0,0.916746,0.916746,0.14064,0,0.001,0.140644,325.515,0,0,0,0,1
587,0,0.14088,1296.43,0.801033,0,0.914844,0.914844,0.14088,0,0.001,0.140884,325.559,0,0,0,0,1
588,0,0.14112,1295.66,0.800193,0,0.912961,0.912961,0.14112,0,0.001,0.141124,325.603,0,0,0,0,1
589,0,0.14136,1294.89,0.799353,0,0.911078,0.911078,0.14136,0,0.001,0.141364,325.647,0,0,0,0,1
590,0,0.1416,1294.13,0.798513,0,0.909195,0.909195,0.1416,0,0.001,0.141604,325.691,0,0,0,0,1
591,0,0.14184,1293.36,0.79767,0,0.907304,0.907304,0.14184,0,0.001,0.141844,325.734,0,0,0,0,1
592,0,0.14208,1292.56,0.796797,0,0.90533,0.90533,0.14208,0,0.001,0.142084,325.778,0,0,0,0,1
593,0,0.14232,1291.76,0.795924,0,0.903357,0.903357,0.14232,0,0.001,0.142324,325.821,0,0,0,0,1
594,0,0.14256,1290.96,0.795051,0,0.901384,0.901384,0.14256,0,0.001,0.142563,325.865,0,0,0,0,1
595,0,0.1428,1290.17,0.794178,0,0.89941,0.89941,0.1428,0,0.001,0.142804,325.908,0,0,0,0,1
596,0,0.14304,1289.35,0.793286,0,0.897371,0.897371,0.14304,0,0.001,0.143044,325.951,0,0,0,0,1
597,0,0.14328,1288.52,0.792378,0,0.895275,0.895275,0.14328,0,0.001,0.143283,325.994,0,0,0,0,1
598,0,0.14352,1287.69,0.79147,0,0.893179,0.893179,0.14352,0,0.001,0.143523,326.037,0,0,0,0,1
599,0,0.14376,1286.86,0.790562,0,0.891084,0.891084,0.14376,0,0.001,0.143763,326.08,0,0,0,0,1
600,0,0.144,1286.03,0.789654,0,0.888988,0.888988,0.144,0,0.001,0.144003,326.124,0,0,0,0,1
601,0,0.14424,1285.16,0.788709,0,0.88684,0.88684,0.14424,0,0.001,0.144243,326.166,0,0,0,0,1
602,0,0.14448,1284.29,0.787763,0,0.884691,0.884691,0.14448,0,0.001,0.144483,326.209,0,0,0,0,1
603,0,0.14472,1283.43,0.786818,0,0.882542,0.882542,0.14472,0,0.001,0.144723,326.252,0,0,0,0,1
604,0,0.14496,1282.56,0.785872,0,0.880393,0.880393,0.14496,0,0.001,0.144963,326.294,0,0,0,0,1
605,0,0.1452,1281.67,0.784908,0,0.878216,0.878216,0.1452,0,0.001,0.145203,326.337,0,0,0,0,1
606,0,0.14544,1280.77,0.783922,0,0.876004,0.876004,0.14544,0,0.001,0.145443,326.379,0,0,0,0,1
607,0,0.14568,1279.86,0.782936,0,0.873793,0.873793,0.14568,0,0.001,0.145683,326.421,0,0,0,0,1
608,0,0.14592,1278.95,0.78195,0,0.871582,0.871582,0.14592,0,0.001,0.145923,326.463,0,0,0,0,1
609,0,0.14616,1278.04,0.780964,0,0.86937,0.86937,0.14616,0,0.001,0.146163,326.506,0,0,0,0,1
610,0,0.1464,1277.1,0.779939,0,0.867075,0.867075,0.1464,0,0.001,0.146403,326.548,0,0,0,0,1
611,0,0.14664,1276.15,0.778911,0,0.864772,0.864772,0.14664,0,0.001,0.146643,326.589,0,0,0,0,1
612,0,0.14688,1275.2,0.777882,0,0.862468,0.862468,0.14688,0,0.001,0.146883,326.631,0,0,0,0,1
613,0,0.14712,1274.25,0.776853,0,0.860165,0.860165,0.14712,0,0.001,0.147123,326.673,0,0,0,0,1
614,0,0.14736,1273.29,0.775809,0,0.857822,0.857822,0.14736,0,0.001,0.147363,326.715,0,0,0,0,1
615,0,0.1476,1272.3,0.774736,0,0.855408,0.855408,0.1476,0,0.001,0.147603,326.756,0,0,0,0,1
616,0,0.14784,1271.31,0.773664,0,0.852994,0.852994,0.14784,0,0.001,0.147843,326.797,0,0,0,0,1
617,0,0.14808,1270.32,0.772591,0,0.850581,0.850581,0.14808,0,0.001,0.148083,326.838,0,0,0,0,1
618,0,0.14832,1269.33,0.771519,0,0.848167,0.848167,0.14832,0,0.001,0.148323,326.88,0,0,0,0,1
619,0,0.14856,1268.3,0.77041,0,0.84565,0.84565,0.14856,0,0.001,0.148563,326.92,0,0,0,0,1
620,0,0.1488,1267.26,0.769294,0,0.84311,0.84311,0.1488,0,0.001,0.148803,326.961,0,0,0,0,1
621,0,0.14904,1266.23,0.768177,0,0.84057,0.84057,0.14904,0,0.001,0.149043,327.002,0,0,0,0,1
622,0,0.14928,1265.19,0.767061,0,0.838031,0.838031,0.14928,0,0.001,0.149283,327.043,0,0,0,0,1
623,0,0.14952,1264.15,0.765933,0,0.835453,0.835453,0.14952,0,0.001,0.149523,327.084,0,0,0,0,1
624,0,0.14976,1263.07,0.764774,0,0.832775,0.832775,0.14976,0,0.001,0.149763,327.124,0,0,0,0,1
625,0,0.15,1261.99,0.763615,0,0.830097,0.830097,0.15,0,0.001,0.150003,327.164,0,0,0,0,1
626,0,0.15024,1260.92,0.762456,0,0.827419,0.827419,0.15024,0,0.001,0.150243,327.205,0,0,0,0,1
627,0,0.15048,1259.84,0.761298,0,0.824741,0.824741,0.15048,0,0.001,0.150483,327.245,0,0,0,0,1
628,0,0.15072,1258.73,0.76011,0,0.821957,0.821957,0.15072,0,0.001,0.150723,327.286,0,0,0,0,1
629,0,0.15096,1257.62,0.758912,0,0.819135,0.819135,0.15096,0,0.001,0.150963,327.326,0,0,0,0,1
630,0,0.1512,1256.5,0.757714,0,0.816312,0.816312,0.1512,0,0.001,0.151203,327.366,0,0,0,0,1
631,0,0.15144,1255.38,0.756515,0,0.813489,0.813489,0.15144,0,0.001,0.151443,327.406,0,0,0,0,1
632,0,0.15168,1254.26,0.755311,0,0.81064,0.81064,0.15168,0,0.001,0.151683,327.446,0,0,0,0,1
633,0,0.15192,1253.11,0.754078,0,0.807673,0.807673,0.15192,0,0.001,0.151923,327.485,0,0,0,0,1
634,0,0.15216,1251.95,0.752845,0,0.804706,0.804706,0.15216,0,0.001,0.152163,327.525,0,0,0,0,1
635,0,0.1524,1250.8,0.751613,0,0.801739,0.801739,0.1524,0,0.001,0.152403,327.564,0,0,0,0,1
636,0,0.15264,1249.65,0.75038,0,0.798772,0.798772,0.15264,0,0.001,0.152643,327.604,0,0,0,0,1
637,0,0.15288,1248.48,0.74913,0,0.795719,0.795719,0.15288,0,0.001,0.152883,327.643,0,0,0,0,1
638,0,0.15312,1247.3,0.74787,0,0.792619,0.792619,0.15312,0,0.001,0.153123,327.683,0,0,0,0,1
639,0,0.15336,1246.11,0.74661,0,0.789518,0.789518,0.15336,0,0.001,0.153363,327.722,0,0,0,0,1
640,0,0.1536,1244.93,0.74535,0,0.786417,0.786417,0.1536,0,0.001,0.153603,327.761,0,0,0,0,1
641,0,0.15384,1243.75,0.744088,0,0.783305,0.783305,0.15384,0,0.001,0.153843,327.801,0,0,0,0,1
642,0,0.15408,1242.54,0.74281,0,0.780081,0.780081,0.15408,0,0.001,0.154083,327.839,0,0,0,0,1
643,0,0.15432,1241.34,0.741533,0,0.776857,0.776857,0.15432,0,0.001,0.154323,327.878,0,0,0,0,1
644,0,0.15456,1240.14,0.740255,0,0.773633,0.773633,0.15456,0,0.001,0.154563,327.917,0,0,0,0,1
645,0,0.1548,1238.94,0.738977,0,0.770409,0.770409,0.1548,0,0.001,0.154803,327.956,0,0,0,0,1
646,0,0.15504,1237.73,0.737695,0,0.767119,0.767119,0.15504,0,0.001,0.155043,327.994,0,0,0,0,1
647,0,0.15528,1236.52,0.736411,0,0.763774,0.763774,0.15528,0,0.001,0.155283,328.033,0,0,0,0,1
648,0,0.15552,1235.3,0.735126,0,0.760428,0.760428,0.15552,0,0.001,0.155523,328.071,0,0,0,0,1
649,0,0.15576,1234.09,0.733841,0,0.757083,0.757083,0.15576,0,0.001,0.155763,328.11,0,0,0,0,1
650,0,0.156,1232.88,0.732556,0,0.753737,0.753737,0.156,0,0.001,0.156003,328.148,0,0,0,0,1
651,0,0.15624,1231.67,0.731278,0,0.750285,0.750285,0.15624,0,0.001,0.156243,328.186,0,0,0,0,1
652,0,0.15648,1230.46,0.729999,0,0.746834,0.746834,0.15648,0,0.001,0.156483,328.224,0,0,0,0,1
653,0,0.15672,1229.25,0.72872,0,0.743382,0.743382,0.15672,0,0.001,0.156723,328.262,0,0,0,0,1
654,0,0.15696,1228.04,0.727441,0,0.739931,0.739931,0.15696,0,0.001,0.156963,328.3,0,0,0,0,1
655,0,0.1572,1226.83,0.726171,0,0.736446,0.736446,0.1572,0,0.001,0.157203,328.338,0,0,0,0,1
656,0,0.15744,1225.63,0.724912,0,0.732922,0.732922,0.15744,0,0.001,0.157443,328.376,0,0,0,0,1
657,0,0.15768,1224.44,0.723653,0,0.729398,0.729398,0.15768,0,0.001,0.157683,328.413,0,0,0,0,1
658,0,0.15792,1223.24,0.722394,0,0.725874,0.725874,0.15792,0,0.001,0.157923,328.451,0,0,0,0,1
659,0,0.15816,1222.04,0.721135,0,0.72235,0.72235,0.15816,0,0.001,0.158163,328.489,0,0,0,0,1
660,0,0.1584,1220.87,0.719908,0,0.718799,0.718799,0.1584,0,0.001,0.158403,328.526,0,0,0,0,1
661,0,0.15864,1219.71,0.718684,0,0.715244,0.715244,0.15864,0,0.001,0.158643,328.563,0,0,0,0,1
662,0,0.15888,1218.54,0.71746,0,0.71169,0.71169,0.15888,0,0.001,0.158883,328.601,0,0,0,0,1
663,0,0.15912,1217.37,0.716236,0,0.708135,0.708135,0.15912,0,0.001,0.159123,328.638,0,0,0,0,1
664,0,0.15936,1216.22,0.71503,0,0.704586,0.704586,0.15936,0,0.001,0.159363,328.675,0,0,0,0,1
665,0,0.1596,1215.1,0.713856,0,0.701044,0.701044,0.1596,0,0.001,0.159603,328.713,0,0,0,0,1
666,0,0.15984,1213.98,0.712682,0,0.697503,0.697503,0.15984,0,0.001,0.159843,328.75,0,0,0,0,1
667,0,0.16008,1212.85,0.711508,0,0.693962,0.693962,0.16008,0,0.001,0.160083,328.787,0,0,0,0,1
668,0,0.16032,1211.73,0.710333,0,0.690421,0.690421,0.16032,0,0.001,0.160323,328.824,0,0,0,0,1
669,0,0.16056,1210.65,0.709212,0,0.686929,0.686929,0.16056,0,0.001,0.160563,328.861,0,0,0,0,1
670,0,0.1608,1209.59,0.708102,0,0.683448,0.683448,0.1608,0,0.001,0.160803,328.897,0,0,0,0,1
671,0,0.16104,1208.52,0.706993,0,0.679966,0.679966,0.16104,0,0.001,0.161043,328.934,0,0,0,0,1
672,0,0.16128,1207.46,0.705883,0,0.676485,0.676485,0.16128,0,0.001,0.161283,328.971,0,0,0,0,1
673,0,0.16152,1206.41,0.704795,0,0.673032,0.673032,0.16152,0,0.001,0.161523,329.007,0,0,0,0,1
674,0,0.16176,1205.42,0.703762,0,0.669656,0.669656,0.16176,0,0.001,0.161763,329.044,0,0,0,0,1
675,0,0.162,1204.43,0.70273,0,0.666279,0.666279,0.162,0,0.001,0.162003,329.081,0,0,0,0,1
676,0,0.16224,1203.43,0.701698,0,0.662903,0.662903,0.16224,0,0.001,0.162243,329.117,0,0,0,0,1
677,0,0.16248,1202.44,0.700666,0,0.659526,0.659526,0.16248,0,0.001,0.162483,329.154,0,0,0,0,1
678,0,0.16272,1201.51,0.699698,0,0.656256,0.656256,0.16272,0,0.001,0.162723,329.19,0,0,0,0,1
679,0,0.16296,1200.6,0.698754,0,0.653026,0.653026,0.16296,0,0.001,0.162963,329.227,0,0,0,0,1
680,0,0.1632,1199.69,0.69781,0,0.649796,0.649796,0.1632,0,0.001,0.163203,329.263,0,0,0,0,1
681,0,0.16344,1198.78,0.696866,0,0.646566,0.646566,0.16344,0,0.001,0.163443,329.3,0,0,0,0,1
682,0,0.16368,1197.88,0.69594,0,0.643369,0.643369,0.16368,0,0.001,0.163683,329.336,0,0,0,0,1
683,0,0.16392,1197.06,0.695093,0,0.640322,0.640322,0.16392,0,0.001,0.163923,329.372,0,0,0,0,1
684,0,0.16416,1196.24,0.694245,0,0.637275,0.637275,0.16416,0,0.001,0.164163,329.408,0,0,0,0,1
685,0,0.1644,1195.42,0.693398,0,0.634227,0.634227,0.1644,0,0.001,0.164403,329.445,0,0,0,0,1
686,0,0.16464,1194.6,0.692551,0,0.63118,0.63118,0.16464,0,0.001,0.164643,329.481,0,0,0,0,1
687,0,0.16488,1193.84,0.691768,0,0.628267,0.628267,0.16488,0,0.001,0.164883,329.517,0,0,0,0,1
688,0,0.16512,1193.12,0.691021,0,0.625432,0.625432,0.16512,0,0.001,0.165123,329.553,0,0,0,0,1
689,0,0.16536,1192.4,0.690275,0,0.622595,0.622595,0.16536,0,0.001,0.165363,329.589,0,0,0,0,1
690,0,0.1656,1191.67,0.689528,0,0.61976,0.61976,0.1656,0,0.001,0.165603,329.625,0,0,0,0,1
691,0,0.16584,1190.96,0.688791,0,0.616945,0.616945,0.16584,0,0.001,0.165843,329.661,0,0,0,0,1
692,0,0.16608,1190.33,0.688147,0,0.61434,0.61434,0.16608,0,0.001,0.166083,329.697,0,0,0,0,1
693,0,0.16632,1189.71,0.687503,0,0.611735,0.611735,0.16632,0,0.001,0.166323,329.733,0,0,0,0,1
694,0,0.16656,1189.08,0.686858,0,0.60913,0.60913,0.16656,0,0.001,0.166563,329.77,0,0,0,0,1
695,0,0.1668,1188.45,0.686214,0,0.606525,0.606525,0.1668,0,0.001,0.166803,329.806,0,0,0,0,1
696,0,0.16704,1187.88,0.685624,0,0.60405,0.60405,0.16704,0,0.001,0.167043,329.842,0,0,0,0,1
697,0,0.16728,1187.35,0.685079,0,0.601685,0.601685,0.16728,0,0.001,0.167283,329.878,0,0,0,0,1
698,0,0.16752,1186.82,0.684534,0,0.599319,0.599319,0.16752,0,0.001,0.167523,329.914,0,0,0,0,1
699,0,0.16776,1186.29,0.68399,0,0.596954,0.596954,0.16776,0,0.001,0.167763,329.95,0,0,0,0,1
700,0,0.168,1185.77,0.683445,0,0.594589,0.594589,0.168,0,0.001,0.168003,329.986,0,0,0,0,1
701,0,0.16824,1185.33,0.682994,0,0.592462,0.592462,0.16824,0,0.001,0.168243,330.022,0,0,0,0,1
702,0,0.16848,1184.89,0.682543,0,0.590335,0.590335,0.16848,0,0.001,0.168483,330.058,0,0,0,0,1
703,0,0.16872,1184.45,0.682093,0,0.588209,0.588209,0.16872,0,0.001,0.168723,330.094,0,0,0,0,1
704,0,0.16896,1184.01,0.681642,0,0.586082,0.586082,0.16896,0,0.001,0.168963,330.13,0,0,0,0,1
705,0,0.1692,1183.61,0.68123,0,0.58406,0.58406,0.1692,0,0.001,0.169203,330.166,0,0,0,0,1
706,0,0.16944,1183.25,0.680865,0,0.582163,0.582163,0.16944,0,0.001,0.169443,330.202,0,0,0,0,1
707,0,0.16968,1182.9,0.680499,0,0.580267,0.580267,0.16968,0,0.001,0.169683,330.239,0,0,0,0,1
708,0,0.16992,1182.54,0.680134,0,0.57837,0.57837,0.16992,0,0.001,0.169923,330.275,0,0,0,0,1
709,0,0.17016,1182.18,0.679769,0,0.576474,0.576474,0.17016,0,0.001,0.170163,330.311,0,0,0,0,1
710,0,0.1704,1181.89,0.679472,0,0.574773,0.574773,0.1704,0,0.001,0.170403,330.347,0,0,0,0,1
711,0,0.17064,1181.61,0.679182,0,0.573092,0.573092,0.17064,0,0.001,0.170643,330.383,0,0,0,0,1
712,0,0.17088,1181.33,0.678892,0,0.571411,0.571411,0.17088,0,0.001,0.170883,330.419,0,0,0,0,1
713,0,0.17112,1181.04,0.678602,0,0.569729,0.569729,0.17112,0,0.001,0.171123,330.455,0,0,0,0,1
714,0,0.17136,1180.79,0.678335,0,0.568119,0.568119,0.17136,0,0.001,0.171363,330.492,0,0,0,0,1
715,0,0.1716,1180.56,0.67811,0,0.566634,0.566634,0.1716,0,0.001,0.171603,330.528,0,0,0,0,1
716,0,0.17184,1180.34,0.677884,0,0.565148,0.565148,0.17184,0,0.001,0.171843,330.564,0,0,0,0,1
717,0,0.17208,1180.12,0.677659,0,0.563663,0.563663,0.17208,0,0.001,0.172083,330.601,0,0,0,0,1
718,0,0.17232,1179.91,0.677433,0,0.562177,0.562177,0.17232,0,0.001,0.172323,330.637,0,0,0,0,1
719,0,0.17256,1179.73,0.677251,0,0.560835,0.560835,0.17256,0,0.001,0.172563,330.673,0,0,0,0,1
720,0,0.1728,1179.56,0.677078,0,0.559524,0.559524,0.1728,0,0.001,0.172803,330.71,0,0,0,0,1
721,0,0.17304,1179.39,0.676906,0,0.558213,0.558213,0.17304,0,0.001,0.173043,330.746,0,0,0,0,1
722,0,0.17328,1179.22,0.676733,0,0.556902,0.556902,0.17328,0,0.001,0.173283,330.783,0,0,0,0,1
723,0,0.17352,1179.06,0.676573,0,0.555633,0.555633,0.17352,0,0.001,0.173523,330.819,0,0,0,0,1
724,0,0.17376,1178.93,0.676442,0,0.554477,0.554477,0.17376,0,0.001,0.173763,330.856,0,0,0,0,1
725,0,0.174,1178.81,0.676312,0,0.553321,0.553321,0.174,0,0.001,0.174003,330.893,0,0,0,0,1
726,0,0.17424,1178.68,0.676182,0,0.552165,0.552165,0.17424,0,0.001,0.174243,330.929,0,0,0,0,1
727,0,0.17448,1178.55,0.676052,0,0.551008,0.551008,0.17448,0,0.001,0.174483,330.966,0,0,0,0,1
728,0,0.17472,1178.45,0.675946,0,0.549951,0.549951,0.17472,0,0.001,0.174723,331.003,0,0,0,0,1
729,0,0.17496,1178.35,0.675848,0,0.548931,0.548931,0.17496,0,0.001,0.174963,331.039,0,0,0,0,1
730,0,0.1752,1178.26,0.675751,0,0.54791,0.54791,0.1752,0,0.001,0.175203,331.076,0,0,0,0,1
731,0,0.17544,1178.16,0.675653,0,0.54689,0.54689,0.17544,0,0.001,0.175443,331.113,0,0,0,0,1
732,0,0.17568,1178.07,0.67556,0,0.545891,0.545891,0.17568,0,0.001,0.175683,331.15,0,0,0,0,1
733,0,0.17592,1178,0.675487,0,0.544989,0.544989,0.17592,0,0.001,0.175923,331.187,0,0,0,0,1
734,0,0.17616,1177.93,0.675414,0,0.544088,0.544088,0.17616,0,0.001,0.176163,331.224,0,0,0,0,1
735,0,0.1764,1177.86,0.675341,0,0.543186,0.543186,0.1764,0,0.001,0.176403,331.261,0,0,0,0,1
736,0,0.17664,1177.79,0.675268,0,0.542284,0.542284,0.17664,0,0.001,0.176643,331.298,0,0,0,0,1
737,0,0.17688,1177.72,0.675205,0,0.541448,0.541448,0.17688,0,0.001,0.176883,331.335,0,0,0,0,1
738,0,0.17712,1177.67,0.675148,0,0.54065,0.54065,0.17712,0,0.001,0.177123,331.372,0,0,0,0,1
739,0,0.17736,1177.61,0.675092,0,0.539851,0.539851,0.17736,0,0.001,0.177363,331.409,0,0,0,0,1
740,0,0.1776,1177.56,0.675035,0,0.539053,0.539053,0.1776,0,0.001,0.177603,331.446,0,0,0,0,1
741,0,0.17784,1177.51,0.67498,0,0.538262,0.538262,0.17784,0,0.001,0.177843,331.483,0,0,0,0,1
742,0,0.17808,1177.46,0.674933,0,0.537553,0.537553,0.17808,0,0.001,0.178083,331.52,0,0,0,0,1
743,0,0.17832,1177.41,0.674886,0,0.536843,0.536843,0.17832,0,0.001,0.178323,331.557,0,0,0,0,1
744,0,0.17856,1177.37,0.67484,0,0.536133,0.536133,0.17856,0,0.001,0.178563,331.595,0,0,0,0,1
745,0,0.1788,1177.32,0.674793,0,0.535423,0.535423,0.1788,0,0.001,0.178803,331.632,0,0,0,0,1
746,0,0.17904,1177.28,0.674748,0,0.534753,0.534753,0.17904,0,0.001,0.179043,331.669,0,0,0,0,1
747,0,0.17928,1177.23,0.674705,0,0.534117,0.534117,0.17928,0,0.001,0.179283,331.707,0,0,0,0,1
748,0,0.17952,1177.19,0.674661,0,0.533481,0.533481,0.17952,0,0.001,0.179523,331.744,0,0,0,0,1
749,0,0.17976,1177.15,0.674618,0,0.532844,0.532844,0.17976,0,0.001,0.179763,331.782,0,0,0,0,1
750,0,0.18,1177.1,0.674574,0,0.532208,0.532208,0.18,0,0.001,0.180003,331.82,0,0,0,0,1
751,0,0.18024,1177.06,0.674528,0,0.531627,0.531627,0.18024,0,0.001,0.180243,331.857,0,0,0,0,1
752,0,0.18048,1177.01,0.674482,0,0.531046,0.531046,0.18048,0,0.001,0.180483,331.895,0,0,0,0,1
753,0,0.18072,1176.97,0.674435,0,0.530465,0.530465,0.18072,0,0.001,0.180723,331.932,0,0,0,0,1
754,0,0.18096,1176.92,0.674389,0,0.529884,0.529884,0.18096,0,0.001,0.180963,331.97,0,0,0,0,1
755,0,0.1812,1176.88,0.674338,0,0.529318,0.529318,0.1812,0,0.001,0.181203,332.008,0,0,0,0,1
756,0,0.18144,1176.82,0.674281,0,0.528772,0.528772,0.18144,0,0.001,0.181443,332.045,0,0,0,0,1
757,0,0.18168,1176.77,0.674225,0,0.528225,0.528225,0.18168,0,0.001,0.181683,332.083,0,0,0,0,1
758,0,0.18192,1176.71,0.674169,0,0.527678,0.527678,0.18192,0,0.001,0.181923,332.12,0,0,0,0,1
759,0,0.18216,1176.66,0.674112,0,0.527131,0.527131,0.18216,0,0.001,0.182163,332.158,0,0,0,0,1
760,0,0.1824,1176.58,0.67404,0,0.526593,0.526593,0.1824,0,0.001,0.182403,332.196,0,0,0,0,1
761,0,0.18264,1176.51,0.673966,0,0.526056,0.526056,0.18264,0,0.001,0.182643,332.234,0,0,0,0,1
762,0,0.18288,1176.44,0.673892,0,0.525519,0.525519,0.18288,0,0.001,0.182883,332.271,0,0,0,0,1
763,0,0.18312,1176.37,0.673818,0,0.524982,0.524982,0.18312,0,0.001,0.183123,332.309,0,0,0,0,1
764,0,0.18336,1176.28,0.673735,0,0.524439,0.524439,0.18336,0,0.001,0.183363,332.347,0,0,0,0,1
765,0,0.1836,1176.19,0.673636,0,0.523883,0.523883,0.1836,0,0.001,0.183603,332.385,0,0,0,0,1
766,0,0.18384,1176.09,0.673537,0,0.523327,0.523327,0.18384,0,0.001,0.183843,332.423,0,0,0,0,1
767,0,0.18408,1175.99,0.673438,0,0.522772,0.522772,0.18408,0,0.001,0.184083,332.461,0,0,0,0,1
768,0,0.18432,1175.89,0.673339,0,0.522216,0.522216,0.18432,0,0.001,0.184323,332.499,0,0,0,0,1
769,0,0.18456,1175.77,0.673212,0,0.521619,0.521619,0.18456,0,0.001,0.184563,332.537,0,0,0,0,1
770,0,0.1848,1175.64,0.67308,0,0.521014,0.521014,0.1848,0,0.001,0.184803,332.574,0,0,0,0,1
771,0,0.18504,1175.51,0.672947,0,0.520408,0.520408,0.18504,0,0.001,0.185043,332.612,0,0,0,0,1
772,0,0.18528,1175.38,0.672814,0,0.519802,0.519802,0.18528,0,0.001,0.185283,332.65,0,0,0,0,1
773,0,0.18552,1175.24,0.672671,0,0.519174,0.519174,0.18552,0,0.001,0.185523,332.688,0,0,0,0,1
774,0,0.18576,1175.07,0.672497,0,0.518485,0.518485,0.18576,0,0.001,0.185763,332.726,0,0,0,0,1
775,0,0.186,1174.9,0.672323,0,0.517796,0.517796,0.186,0,0.001,0.186003,332.764,0,0,0,0,1
776,0,0.18624,1174.73,0.672149,0,0.517107,0.517107,0.18624,0,0.001,0.186243,332.802,0,0,0,0,1
777,0,0.18648,1174.56,0.671975,0,0.516418,0.516418,0.18648,0,0.001,0.186483,332.84,0,0,0,0,1
778,0,0.18672,1174.36,0.671767,0,0.515645,0.515645,0.18672,0,0.001,0.186723,332.878,0,0,0,0,1
779,0,0.18696,1174.14,0.671544,0,0.51484,0.51484,0.18696,0,0.001,0.186963,332.916,0,0,0,0,1
780,0,0.1872,1173.92,0.671322,0,0.514036,0.514036,0.1872,0,0.001,0.187203,332.954,0,0,0,0,1
781,0,0.18744,1173.7,0.6711,0,0.513231,0.513231,0.18744,0,0.001,0.187443,332.992,0,0,0,0,1
782,0,0.18768,1173.48,0.670868,0,0.5124,0.5124,0.18768,0,0.001,0.187683,333.03,0,0,0,0,1
783,0,0.18792,1173.2,0.670592,0,0.511449,0.511449,0.18792,0,0.001,0.187923,333.068,0,0,0,0,1
784,0,0.18816,1172.93,0.670316,0,0.510499,0.510499,0.18816,0,0.001,0.188163,333.106,0,0,0,0,1
785,0,0.1884,1172.66,0.67004,0,0.509549,0.509549,0.1884,0,0.001,0.188403,333.143,0,0,0,0,1
786,0,0.18864,1172.39,0.669763,0,0.508599,0.508599,0.18864,0,0.001,0.188643,333.181,0,0,0,0,1
787,0,0.18888,1172.08,0.66945,0,0.507539,0.507539,0.18888,0,0.001,0.188883,333.219,0,0,0,0,1
788,0,0.18912,1171.75,0.669116,0,0.506417,0.506417,0.18912,0,0.001,0.189123,333.257,0,0,0,0,1
789,0,0.18936,1171.43,0.668782,0,0.505295,0.505295,0.18936,0,0.001,0.189363,333.295,0,0,0,0,1
790,0,0.1896,1171.1,0.668448,0,0.504173,0.504173,0.1896,0,0.001,0.189603,333.333,0,0,0,0,1
791,0,0.18984,1170.76,0.668108,0,0.503034,0.503034,0.18984,0,0.001,0.189843,333.37,0,0,0,0,1
792,0,0.19008,1170.38,0.667714,0,0.50172,0.50172,0.19008,0,0.001,0.190083,333.408,0,0,0,0,1
793,0,0.19032,1169.99,0.667321,0,0.500406,0.500406,0.19032,0,0.001,0.190323,333.446,0,0,0,0,1
794,0,0.19056,1169.6,0.666927,0,0.499092,0.499092,0.19056,0,0.001,0.190563,333.484,0,0,0,0,1
795,0,0.1908,1169.22,0.666533,0,0.497778,0.497778,0.1908,0,0.001,0.190803,333.521,0,0,0,0,1
796,0,0.19104,1168.8,0.666107,0,0.496353,0.496353,0.19104,0,0.001,0.191043,333.559,0,0,0,0,1
797,0,0.19128,1168.35,0.665655,0,0.494836,0.494836,0.19128,0,0.001,0.191283,333.596,0,0,0,0,1
798,0,0.19152,1167.91,0.665202,0,0.493318,0.493318,0.19152,0,0.001,0.191523,333.634,0,0,0,0,1
799,0,0.19176,1167.46,0.66475,0,0.491801,0.491801,0.19176,0,0.001,0.191763,333.671,0,0,0,0,1
800,0,0.192,1167.01,0.664297,0,0.490283,0.490283,0.192,0,0.001,0.192003,333.709,0,0,0,0,1
801,0,0.19224,1166.51,0.663789,0,0.488558,0.488558,0.19224,0,0.001,0.192243,333.746,0,0,0,0,1
802,0,0.19248,1166.01,0.663281,0,0.486834,0.486834,0.19248,0,0.001,0.192483,333.784,0,0,0,0,1
803,0,0.19272,1165.51,0.662773,0,0.485109,0.485109,0.19272,0,0.001,0.192723,333.821,0,0,0,0,1
804,0,0.19296,1165.01,0.662266,0,0.483384,0.483384,0.19296,0,0.001,0.192963,333.858,0,0,0,0,1
805,0,0.1932,1164.49,0.661735,0,0.481568,0.481568,0.1932,0,0.001,0.193203,333.895,0,0,0,0,1
806,0,0.19344,1163.94,0.661177,0,0.47964,0.47964,0.19344,0,0.001,0.193443,333.933,0,0,0,0,1
807,0,0.19368,1163.39,0.66062,0,0.477713,0.477713,0.19368,0,0.001,0.193683,333.97,0,0,0,0,1
808,0,0.19392,1162.84,0.660062,0,0.475785,0.475785,0.19392,0,0.001,0.193923,334.007,0,0,0,0,1
809,0,0.19416,1162.29,0.659505,0,0.473858,0.473858,0.19416,0,0.001,0.194163,334.044,0,0,0,0,1
810,0,0.1944,1161.7,0.658909,0,0.471758,0.471758,0.1944,0,0.001,0.194403,334.081,0,0,0,0,1
811,0,0.19464,1161.1,0.65831,0,0.469641,0.469641,0.19464,0,0.001,0.194643,334.118,0,0,0,0,1
812,0,0.19488,1160.51,0.657711,0,0.467524,0.467524,0.19488,0,0.001,0.194883,334.155,0,0,0,0,1
813,0,0.19512,1159.92,0.657111,0,0.465406,0.465406,0.19512,0,0.001,0.195123,334.192,0,0,0,0,1
814,0,0.19536,1159.31,0.6565,0,0.463228,0.463228,0.19536,0,0.001,0.195363,334.229,0,0,0,0,1
815,0,0.1956,1158.69,0.655869,0,0.460942,0.460942,0.1956,0,0.001,0.195603,334.265,0,0,0,0,1
816,0,0.19584,1158.06,0.655238,0,0.458656,0.458656,0.19584,0,0.001,0.195843,334.302,0,0,0,0,1
817,0,0.19608,1157.43,0.654607,0,0.45637,0.45637,0.19608,0,0.001,0.196083,334.338,0,0,0,0,1
818,0,0.19632,1156.81,0.653975,0,0.454084,0.454084,0.19632,0,0.001,0.196323,334.375,0,0,0,0,1
819,0,0.19656,1156.17,0.653326,0,0.451681,0.451681,0.19656,0,0.001,0.196563,334.411,0,0,0,0,1
820,0,0.1968,1155.52,0.652674,0,0.449253,0.449253,0.1968,0,0.001,0.196803,334.448,0,0,0,0,1
821,0,0.19704,1154.87,0.652021,0,0.446825,0.446825,0.19704,0,0.001,0.197043,334.484,0,0,0,0,1
822,0,0.19728,1154.22,0.651368,0,0.444397,0.444397,0.19728,0,0.001,0.197283,334.52,0,0,0,0,1
823,0,0.19752,1153.57,0.650712,0,0.441938,0.441938,0.19752,0,0.001,0.197523,334.556,0,0,0,0,1
824,0,0.19776,1152.91,0.650049,0,0.439399,0.439399,0.19776,0,0.001,0.197763,334.592,0,0,0,0,1
825,0,0.198,1152.25,0.649386,0,0.43686,0.43686,0.198,0,0.001,0.198003,334.629,0,0,0,0,1
826,0,0.19824,1151.59,0.648723,0,0.43432,0.43432,0.19824,0,0.001,0.198243,334.665,0,0,0,0,1
827,0,0.19848,1150.93,0.648059,0,0.431781,0.431781,0.19848,0,0.001,0.198483,334.701,0,0,0,0,1
828,0,0.19872,1150.28,0.647397,0,0.429185,0.429185,0.19872,0,0.001,0.198723,334.736,0,0,0,0,1
829,0,0.19896,1149.61,0.646734,0,0.426568,0.426568,0.19896,0,0.001,0.198963,334.772,0,0,0,0,1
830,0,0.1992,1148.96,0.646072,0,0.423951,0.423951,0.1992,0,0.001,0.199202,334.808,0,0,0,0,1
831,0,0.19944,1148.3,0.645409,0,0.421334,0.421334,0.19944,0,0.001,0.199443,334.843,0,0,0,0,1
832,0,0.19968,1147.64,0.644749,0,0.418709,0.418709,0.19968,0,0.001,0.199683,334.879,0,0,0,0,1
833,0,0.19992,1146.99,0.644097,0,0.416048,0.416048,0.19992,0,0.001,0.199923,334.914,0,0,0,0,1
834,0,0.20016,1146.33,0.643445,0,0.413387,0.413387,0.20016,0,0.001,0.200163,334.95,0,0,0,0,1
835,0,0.2004,1145.68,0.642793,0,0.410726,0.410726,0.2004,0,0.001,0.200402,334.985,0,0,0,0,1
836,0,0.20064,1145.03,0.642141,0,0.408065,0.408065,0.20064,0,0.001,0.200642,335.02,0,0,0,0,1
837,0,0.20088,1144.39,0.641502,0,0.405396,0.405396,0.20088,0,0.001,0.200882,335.055,0,0,0,0,1
838,0,0.20112,1143.76,0.640869,0,0.402723,0.402723,0.20112,0,0.001,0.201122,335.09,0,0,0,0,1
839,0,0.20136,1143.13,0.640236,0,0.40005,0.40005,0.20136,0,0.001,0.201362,335.125,0,0,0,0,1
840,0,0.2016,1142.49,0.639604,0,0.397377,0.397377,0.2016,0,0.001,0.201602,335.16,0,0,0,0,1
841,0,0.20184,1141.86,0.638974,0,0.394706,0.394706,0.20184,0,0.001,0.201842,335.195,0,0,0,0,1
842,0,0.20208,1141.26,0.638368,0,0.39205,0.39205,0.20208,0,0.001,0.202082,335.23,0,0,0,0,1
843,0,0.20232,1140.65,0.637762,0,0.389394,0.389394,0.20232,0,0.001,0.202322,335.264,0,0,0,0,1
844,0,0.20256,1140.04,0.637156,0,0.386739,0.386739,0.20256,0,0.001,0.202562,335.299,0,0,0,0,1
845,0,0.2028,1139.44,0.63655,0,0.384083,0.384083,0.2028,0,0.001,0.202802,335.334,0,0,0,0,1
846,0,0.20304,1138.85,0.635961,0,0.38145,0.38145,0.20304,0,0.001,0.203042,335.368,0,0,0,0,1
847,0,0.20328,1138.27,0.635387,0,0.378836,0.378836,0.20328,0,0.001,0.203282,335.403,0,0,0,0,1
848,0,0.20352,1137.69,0.634813,0,0.376222,0.376222,0.20352,0,0.001,0.203522,335.437,0,0,0,0,1
849,0,0.20376,1137.11,0.634238,0,0.373608,0.373608,0.20376,0,0.001,0.203762,335.472,0,0,0,0,1
850,0,0.204,1136.54,0.633664,0,0.370993,0.370993,0.204,0,0.001,0.204002,335.506,0,0,0,0,1
851,0,0.20424,1135.99,0.633124,0,0.36844,0.36844,0.20424,0,0.001,0.204242,335.54,0,0,0,0,1
852,0,0.20448,1135.45,0.632584,0,0.365886,0.365886,0.20448,0,0.001,0.204482,335.574,0,0,0,0,1
853,0,0.20472,1134.9,0.632044,0,0.363332,0.363332,0.20472,0,0.001,0.204722,335.608,0,0,0,0,1
854,0,0.20496,1134.36,0.631504,0,0.360778,0.360778,0.20496,0,0.001,0.204962,335.642,0,0,0,0,1
855,0,0.2052,1133.83,0.630979,0,0.358259,0.358259,0.2052,0,0.001,0.205202,335.676,0,0,0,0,1
856,0,0.20544,1133.33,0.630474,0,0.355783,0.355783,0.20544,0,0.001,0.205442,335.71,0,0,0,0,1
857,0,0.20568,1132.82,0.629969,0,0.353307,0.353307,0.20568,0,0.001,0.205682,335.744,0,0,0,0,1
858,0,0.20592,1132.31,0.629464,0,0.35083,0.35083,0.20592,0,0.001,0.205922,335.778,0,0,0,0,1
859,0,0.20616,1131.8,0.628958,0,0.348354,0.348354,0.20616,0,0.001,0.206162,335.811,0,0,0,0,1
860,0,0.2064,1131.32,0.628484,0,0.345952,0.345952,0.2064,0,0.001,0.206402,335.845,0,0,0,0,1
861,0,0.20664,1130.85,0.628012,0,0.343558,0.343558,0.20664,0,0.001,0.206642,335.878,0,0,0,0,1
862,0,0.20688,1130.37,0.62754,0,0.341163,0.341163,0.20688,0,0.001,0.206882,335.912,0,0,0,0,1
863,0,0.20712,1129.9,0.627069,0,0.338769,0.338769,0.20712,0,0.001,0.207122,335.945,0,0,0,0,1
864,0,0.20736,1129.43,0.626608,0,0.336401,0.336401,0.20736,0,0.001,0.207362,335.979,0,0,0,0,1
865,0,0.2076,1128.99,0.626167,0,0.334077,0.334077,0.2076,0,0.001,0.207602,336.012,0,0,0,0,1
866,0,0.20784,1128.54,0.625725,0,0.331754,0.331754,0.20784,0,0.001,0.207842,336.045,0,0,0,0,1
867,0,0.20808,1128.1,0.625284,0,0.329431,0.329431,0.20808,0,0.001,0.208082,336.078,0,0,0,0,1
868,0,0.20832,1127.65,0.624843,0,0.327108,0.327108,0.20832,0,0.001,0.208322,336.111,0,0,0,0,1
869,0,0.20856,1127.23,0.624423,0,0.324829,0.324829,0.20856,0,0.001,0.208562,336.144,0,0,0,0,1
870,0,0.2088,1126.81,0.624008,0,0.322561,0.322561,0.2088,0,0.001,0.208802,336.177,0,0,0,0,1
871,0,0.20904,1126.39,0.623593,0,0.320292,0.320292,0.20904,0,0.001,0.209042,336.21,0,0,0,0,1
872,0,0.20928,1125.97,0.623177,0,0.318024,0.318024,0.20928,0,0.001,0.209282,336.243,0,0,0,0,1
873,0,0.20952,1125.55,0.622768,0,0.315767,0.315767,0.20952,0,0.001,0.209522,336.276,0,0,0,0,1
874,0,0.20976,1125.15,0.622374,0,0.31354,0.31354,0.20976,0,0.001,0.209762,336.308,0,0,0,0,1
875,0,0.21,1124.75,0.62198,0,0.311313,0.311313,0.21,0,0.001,0.210002,336.341,0,0,0,0,1
876,0,0.21024,1124.35,0.621586,0,0.309085,0.309085,0.21024,0,0.001,0.210242,336.374,0,0,0,0,1
877,0,0.21048,1123.95,0.621192,0,0.306858,0.306858,0.21048,0,0.001,0.210482,336.406,0,0,0,0,1
878,0,0.21072,1123.57,0.620809,0,0.304656,0.304656,0.21072,0,0.001,0.210722,336.439,0,0,0,0,1
879,0,0.21096,1123.18,0.62043,0,0.302462,0.302462,0.21096,0,0.001,0.210962,336.471,0,0,0,0,1
880,0,0.2112,1122.8,0.620052,0,0.300268,0.300268,0.2112,0,0.001,0.211202,336.503,0,0,0,0,1
881,0,0.21144,1122.41,0.619673,0,0.298075,0.298075,0.21144,0,0.001,0.211442,336.536,0,0,0,0,1
882,0,0.21168,1122.03,0.619297,0,0.295885,0.295885,0.21168,0,0.001,0.211682,336.568,0,0,0,0,1
883,0,0.21192,1121.66,0.618929,0,0.293709,0.293709,0.21192,0,0.001,0.211922,336.6,0,0,0,0,1
884,0,0.21216,1121.28,0.61856,0,0.291534,0.291534,0.21216,0,0.001,0.212162,336.632,0,0,0,0,1
885,0,0.2124,1120.91,0.618192,0,0.289359,0.289359,0.2124,0,0.001,0.212402,336.664,0,0,0,0,1
886,0,0.21264,1120.54,0.617824,0,0.287183,0.287183,0.21264,0,0.001,0.212642,336.696,0,0,0,0,1
887,0,0.21288,1120.17,0.61746,0,0.28501,0.28501,0.21288,0,0.001,0.212882,336.728,0,0,0,0,1
888,0,0.21312,1119.8,0.617097,0,0.282837,0.282837,0.21312,0,0.001,0.213122,336.76,0,0,0,0,1
889,0,0.21336,1119.43,0.616735,0,0.280665,0.280665,0.21336,0,0.001,0.213362,336.791,0,0,0,0,1
890,0,0.2136,1119.06,0.616372,0,0.278492,0.278492,0.2136,0,0.001,0.213602,336.823,0,0,0,0,1
891,0,0.21384,1118.69,0.61601,0,0.276319,0.276319,0.21384,0,0.001,0.213842,336.855,0,0,0,0,1
892,0,0.21408,1118.32,0.615649,0,0.274135,0.274135,0.21408,0,0.001,0.214082,336.886,0,0,0,0,1
893,0,0.21432,1117.96,0.615288,0,0.271951,0.271951,0.21432,0,0.001,0.214322,336.918,0,0,0,0,1
894,0,0.21456,1117.59,0.614927,0,0.269767,0.269767,0.21456,0,0.001,0.214562,336.95,0,0,0,0,1
895,0,0.2148,1117.22,0.614566,0,0.267584,0.267584,0.2148,0,0.001,0.214802,336.981,0,0,0,0,1
896,0,0.21504,1116.85,0.614204,0,0.265387,0.265387,0.21504,0,0.001,0.215042,337.013,0,0,0,0,1
897,0,0.21528,1116.49,0.613842,0,0.263178,0.263178,0.21528,0,0.001,0.215282,337.044,0,0,0,0,1
898,0,0.21552,1116.12,0.613479,0,0.26097,0.26097,0.21552,0,0.001,0.215522,337.075,0,0,0,0,1
899,0,0.21576,1115.75,0.613116,0,0.258762,0.258762,0.21576,0,0.001,0.215762,337.107,0,0,0,0,1
900,0,0.216,1115.38,0.612754,0,0.256554,0.256554,0.216,0,0.001,0.216002,337.138,0,0,0,0,1
901,0,0.21624,1115.01,0.612387,0,0.254312,0.254312,0.21624,0,0.001,0.216242,337.169,0,0,0,0,1
902,0,0.21648,1114.63,0.61202,0,0.25207,0.25207,0.21648,0,0.001,0.216482,337.2,0,0,0,0,1
903,0,0.21672,1114.26,0.611654,0,0.249828,0.249828,0.21672,0,0.001,0.216722,337.231,0,0,0,0,1
904,0,0.21696,1113.88,0.611287,0,0.247586,0.247586,0.21696,0,0.001,0.216962,337.263,0,0,0,0,1
905,0,0.2172,1113.51,0.610919,0,0.245326,0.245326,0.2172,0,0.001,0.217202,337.294,0,0,0,0,1
906,0,0.21744,1113.13,0.610547,0,0.243044,0.243044,0.21744,0,0.001,0.217442,337.324,0,0,0,0,1
907,0,0.21768,1112.75,0.610175,0,0.240761,0.240761,0.21768,0,0.001,0.217682,337.355,0,0,0,0,1
908,0,0.21792,1112.37,0.609803,0,0.238479,0.238479,0.21792,0,0.001,0.217922,337.386,0,0,0,0,1
909,0,0.21816,1111.99,0.609431,0,0.236196,0.236196,0.21816,0,0.001,0.218162,337.417,0,0,0,0,1
910,0,0.2184,1111.6,0.609054,0,0.233873,0.233873,0.2184,0,0.001,0.218402,337.448,0,0,0,0,1
911,0,0.21864,1111.22,0.608677,0,0.231546,0.231546,0.21864,0,0.001,0.218642,337.479,0,0,0,0,1
912,0,0.21888,1110.83,0.6083,0,0.229218,0.229218,0.21888,0,0.001,0.218882,337.51,0,0,0,0,1
913,0,0.21912,1110.45,0.607922,0,0.226891,0.226891,0.21912,0,0.001,0.219122,337.54,0,0,0,0,1
914,0,0.21936,1110.06,0.607543,0,0.224547,0.224547,0.21936,0,0.001,0.219362,337.571,0,0,0,0,1
915,0,0.2196,1109.67,0.60716,0,0.222173,0.222173,0.2196,0,0.001,0.219602,337.602,0,0,0,0,1
916,0,0.21984,1109.28,0.606778,0,0.219799,0.219799,0.21984,0,0.001,0.219842,337.632,0,0,0,0,1
917,0,0.22008,1108.89,0.606395,0,0.217424,0.217424,0.22008,0,0.001,0.220082,337.663,0,0,0,0,1
918,0,0.22032,1108.5,0.606013,0,0.21505,0.21505,0.22032,0,0.001,0.220322,337.693,0,0,0,0,1
919,0,0.22056,1108.1,0.605626,0,0.212638,0.212638,0.22056,0,0.001,0.220562,337.724,0,0,0,0,1
920,0,0.2208,1107.7,0.605239,0,0.210217,0.210217,0.2208,0,0.001,0.220802,337.754,0,0,0,0,1
921,0,0.22104,1107.31,0.604852,0,0.207796,0.207796,0.22104,0,0.001,0.221042,337.785,0,0,0,0,1
922,0,0.22128,1106.91,0.604465,0,0.205376,0.205376,0.22128,0,0.001,0.221282,337.815,0,0,0,0,1
923,0,0.22152,1106.51,0.604077,0,0.202943,0.202943,0.22152,0,0.001,0.221522,337.845,0,0,0,0,1
924,0,0.22176,1106.11,0.603686,0,0.200477,0.200477,0.22176,0,0.001,0.221762,337.875,0,0,0,0,1
925,0,0.222,1105.71,0.603295,0,0.198011,0.198011,0.222,0,0.001,0.222002,337.906,0,0,0,0,1
926,0,0.22224,1105.31,0.602905,0,0.195545,0.195545,0.22224,0,0.001,0.222242,337.936,0,0,0,0,1
927,0,0.22248,1104.9,0.602514,0,0.193079,0.193079,0.22248,0,0.001,0.222482,337.966,0,0,0,0,1
928,0,0.22272,1104.5,0.602122,0,0.190583,0.190583,0.22272,0,0.001,0.222722,337.996,0,0,0,0,1
929,0,0.22296,1104.1,0.601729,0,0.188075,0.188075,0.22296,0,0.001,0.222962,338.026,0,0,0,0,1
930,0,0.2232,1103.7,0.601337,0,0.185567,0.185567,0.2232,0,0.001,0.223202,338.056,0,0,0,0,1
931,0,0.22344,1103.29,0.600944,0,0.18306,0.18306,0.22344,0,0.001,0.223442,338.086,0,0,0,0,1
932,0,0.22368,1102.89,0.600551,0,0.180545,0.180545,0.22368,0,0.001,0.223682,338.116,0,0,0,0,1
933,0,0.22392,1102.49,0.600158,0,0.178,0.178,0.22392,0,0.001,0.223922,338.146,0,0,0,0,1
934,0,0.22416,1102.08,0.599765,0,0.175454,0.175454,0.22416,0,0.001,0.224162,338.176,0,0,0,0,1
935,0,0.2244,1101.68,0.599371,0,0.172909,0.172909,0.2244,0,0.001,0.224402,338.206,0,0,0,0,1
936,0,0.22464,1101.28,0.598978,0,0.170363,0.170363,0.22464,0,0.001,0.224642,338.236,0,0,0,0,1
937,0,0.22488,1100.87,0.598585,0,0.167796,0.167796,0.22488,0,0.001,0.224882,338.266,0,0,0,0,1
938,0,0.22512,1100.47,0.598192,0,0.165217,0.165217,0.22512,0,0.001,0.225122,338.296,0,0,0,0,1
939,0,0.22536,1100.06,0.5978,0,0.162637,0.162637,0.22536,0,0.001,0.225362,338.326,0,0,0,0,1
940,0,0.2256,1099.66,0.597407,0,0.160058,0.160058,0.2256,0,0.001,0.225602,338.355,0,0,0,0,1
941,0,0.22584,1099.25,0.597014,0,0.157475,0.157475,0.22584,0,0.001,0.225842,338.385,0,0,0,0,1
942,0,0.22608,1098.85,0.596623,0,0.154868,0.154868,0.22608,0,0.001,0.226082,338.415,0,0,0,0,1
943,0,0.22632,1098.45,0.596232,0,0.15226,0.15226,0.22632,0,0.001,0.226322,338.444,0,0,0,0,1
944,0,0.22656,1098.04,0.595841,0,0.149652,0.149652,0.22656,0,0.001,0.226562,338.474,0,0,0,0,1
945,0,0.2268,1097.64,0.59545,0,0.147045,0.147045,0.2268,0,0.001,0.226802,338.504,0,0,0,0,1
946,0,0.22704,1097.24,0.595061,0,0.144423,0.144423,0.22704,0,0.001,0.227042,338.533,0,0,0,0,1
947,0,0.22728,1096.84,0.594672,0,0.14179,0.14179,0.22728,0,0.001,0.227282,338.563,0,0,0,0,1
948,0,0.22752,1096.44,0.594284,0,0.139157,0.139157,0.22752,0,0.001,0.227522,338.592,0,0,0,0,1
949,0,0.22776,1096.04,0.593896,0,0.136523,0.136523,0.22776,0,0.001,0.227762,338.622,0,0,0,0,1
950,0,0.228,1095.64,0.593508,0,0.13389,0.13389,0.228,0,0.001,0.228002,338.651,0,0,0,0,1
951,0,0.22824,1095.24,0.593123,0,0.13124,0.13124,0.22824,0,0.001,0.228242,338.68,0,0,0,0,1
952,0,0.22848,1094.84,0.592738,0,0.12859,0.12859,0.22848,0,0.001,0.228482,338.71,0,0,0,0,1
953,0,0.22872,1094.44,0.592353,0,0.125941,0.125941,0.22872,0,0.001,0.228722,338.739,0,0,0,0,1
954,0,0.22896,1094.05,0.591969,0,0.123291,0.123291,0.22896,0,0.001,0.228962,338.769,0,0,0,0,1
955,0,0.2292,1093.65,0.591586,0,0.120632,0.120632,0.2292,0,0.001,0.229202,338.798,0,0,0,0,1
956,0,0.22944,1093.26,0.591205,0,0.117961,0.117961,0.22944,0,0.001,0.229442,338.828,0,0,0,0,1
957,0,0.22968,1092.86,0.590825,0,0.11529,0.11529,0.22968,0,0.001,0.229682,338.857,0,0,0,0,1
958,0,0.22992,1092.47,0.590444,0,0.112619,0.112619,0.22992,0,0.001,0.229922,338.886,0,0,0,0,1
959,0,0.23016,1092.08,0.590064,0,0.109948,0.109948,0.23016,0,0.001,0.230162,338.915,0,0,0,0,1
960,0,0.2304,1091.69,0.589687,0,0.107282,0.107282,0.2304,0,0.001,0.230402,338.944,0,0,0,0,1
961,0,0.23064,1091.3,0.589311,0,0.104618,0.104618,0.23064,0,0.001,0.230642,338.974,0,0,0,0,1
962,0,0.23088,1090.91,0.588935,0,0.101953,0.101953,0.23088,0,0.001,0.230882,339.003,0,0,0,0,1
963,0,0.23112,1090.52,0.588559,0,0.0992881,0.0992881,0.23112,0,0.001,0.231122,339.032,0,0,0,0,1
964,0,0.23136,1090.13,0.588185,0,0.0966098,0.0966098,0.23136,0,0.001,0.231362,339.061,0,0,0,0,1
965,0,0.2316,1089.74,0.587814,0,0.0939074,0.0939074,0.2316,0,0.001,0.231602,339.09,0,0,0,0,1
966,0,0.23184,1089.36,0.587443,0,0.0912052,0.0912052,0.23184,0,0.001,0.231842,339.119,0,0,0,0,1
967,0,0.23208,1088.97,0.587072,0,0.088503,0.088503,0.23208,0,0.001,0.232082,339.149,0,0,0,0,1
968,0,0.23232,1088.59,0.586701,0,0.0858009,0.0858009,0.23232,0,0.001,0.232322,339.178,0,0,0,0,1
969,0,0.23256,1088.21,0.586334,0,0.0831656,0.0831656,0.23256,0,0.001,0.232562,339.207,0,0,0,0,1
970,0,0.2328,1087.83,0.585968,0,0.0805452,0.0805452,0.2328,0,0.001,0.232802,339.236,0,0,0,0,1
971,0,0.23304,1087.45,0.585602,0,0.0779248,0.0779248,0.23304,0,0.001,0.233042,339.265,0,0,0,0,1
972,0,0.23328,1087.07,0.585237,0,0.0753043,0.0753043,0.23328,0,0.001,0.233282,339.293,0,0,0,0,1
973,0,0.23352,1086.69,0.584872,0,0.072639,0.072639,0.23352,0,0.001,0.233522,339.322,0,0,0,0,1
974,0,0.23376,1086.31,0.584511,0,0.0698543,0.0698543,0.23376,0,0.001,0.233762,339.351,0,0,0,0,1
975,0,0.234,1085.94,0.58415,0,0.0670697,0.0670697,0.234,0,0.001,0.234002,339.38,0,0,0,0,1
976,0,0.23424,1085.56,0.583789,0,0.064285,0.064285,0.23424,0,0.001,0.234242,339.409,0,0,0,0,1
977,0,0.23448,1085.19,0.583428,0,0.0615004,0.0615004,0.23448,0,0.001,0.234482,339.438,0,0,0,0,1
978,0,0.23472,1084.82,0.583072,0,0.0590212,0.0590212,0.23472,0,0.001,0.234722,339.466,0,0,0,0,1
979,0,0.23496,1084.45,0.582718,0,0.0566567,0.0566567,0.23496,0,0.001,0.234962,339.495,0,0,0,0,1
980,0,0.2352,1084.08,0.582364,0,0.0542921,0.0542921,0.2352,0,0.001,0.235202,339.524,0,0,0,0,1
981,0,0.23544,1083.71,0.582009,0,0.0519274,0.0519274,0.23544,0,0.001,0.235442,339.552,0,0,0,0,1
982,0,0.23568,1083.34,0.581655,0,0.0494085,0.0494085,0.23568,0,0.001,0.235682,339.581,0,0,0,0,1
983,0,0.23592,1082.97,0.5813,0,0.0461946,0.0461946,0.23592,0,0.001,0.235922,339.61,0,0,0,0,1
984,0,0.23616,1082.6,0.580945,0,0.0429808,0.0429808,0.23616,0,0.001,0.236162,339.639,0,0,0,0,1
985,0,0.2364,1082.23,0.58059,0,0.039767,0.039767,0.2364,0,0.001,0.236402,339.668,0,0,0,0,1
986,0,0.23664,1081.86,0.580235,0,0.0365531,0.0365531,0.23664,0,0.001,0.236642,339.697,0,0,0,0,1
987,0,0.23688,1081.51,0.579898,0,0.034608,0.034608,0.23688,0,0.001,0.236882,339.725,0,0,0,0,1
988,0,0.23712,1081.17,0.579572,0,0.033388,0.033388,0.23712,0,0.001,0.237122,339.752,0,0,0,0,1
989,0,0.23736,1080.83,0.579247,0,0.0321679,0.0321679,0.23736,0,0.001,0.237362,339.779,0,0,0,0,1
990,0,0.2376,1080.49,0.578921,0,0.0309478,0.0309478,0.2376,0,0.001,0.237602,339.806,0,0,0,0,1
991,0,0.23784,1080.14,0.578586,0,0.0293429,0.0293429,0.23784,0,0.001,0.237842,339.834,0,0,0,0,1
992,0,0.23808,1079.7,0.578164,0,0.0238879,0.0238879,0.23808,0,0.001,0.238082,339.869,0,0,0,0,1
993,0,0.23832,1079.26,0.577742,0,0.018433,0.018433,0.23832,0,0.001,0.238322,339.904,0,0,0,0,1
994,0,0.23856,1078.82,0.577321,0,0.012978,0.012978,0.23856,0,0.001,0.238562,339.939,0,0,0,0,1
995,0,0.2388,1078.38,0.576899,0,0.00752304,0.00752304,0.2388,0,0.001,0.238802,339.974,0,0,0,0,1
996,3.36537e-06,0.23904,1078.02,0.587348,2.86057e-06,0.00287105,0.00293237,0.23904,0,0.001,0.239042,340.002,0.366767,8.35211e-05,0,0.366767,1
997,9.53636e-06,0.23928,1077.73,0.60686,8.10594e-06,-0.00111188,-0.000938116,0.23928,0,0.001,0.239282,340.024,1.0393,0.000236672,0,1.0393,1
998,1.5707e-05,0.23952,1077.45,0.62637,1.3351e-05,-0.00509456,-0.00480836,0.23952,0,0.001,0.239522,340.047,1.71179,0.000389813,0,1.71179,1
999,2.18776e-05,0.23976,1077.16,0.645881,1.8596e-05,-0.00907725,-0.0086786,0.23976,0,0.001,0.239762,340.069,2.38428,0.000542954,0,2.38428,1
1000,2.80482e-05,0.24,1076.87,0.665392,2.38411e-05,-0.0130599,-0.0125488,0.24,0,0.001,0.240002,340.092,3.05677,0.000696095,0,3.05677,1
